mutation_id	ref_counts	var_counts	normal_cn	minor_cn	major_cn	variant_case	variant_freq	genotype
NA613260:B:chr7:613262	65	76	2	0	1	NA	0.539007092198582	B
NA96273:AB:chr18:96275	156	30	2	1	1	NA	0.161290322580645	AB
NA228704:AAAAB:chr19:228706	440	36	2	2	3	NA	0.0756302521008403	AAABB
NA87562:BB:chr16:87564	68	117	2	0	2	NA	0.632432432432432	BB
NA947054:AAB:chr13:947056	197	65	2	1	2	NA	0.248091603053435	AAB
NA78324:BBBB:chr20:78326	81	177	2	0	4	NA	0.686046511627907	BBBB
NA812244:AB:chr4:812246	130	80	2	1	1	NA	0.380952380952381	AB
NA229241:AAAB:chr1:229243	186	66	2	1	3	NA	0.261904761904762	AAAB
NA679912:ABBBBBBBB:chr6:679914	141	329	2	1	8	NA	0.7	ABBBBBBBB
NA161164:AB:chr5:161166	154	53	2	1	1	NA	0.256038647342995	AB
NA493468:AAAABBBBBB:chr8:493470	236	256	2	4	6	NA	0.520325203252033	AAAABBBBBB
NA59300:ABBB:chr22:59302	135	163	2	1	3	NA	0.546979865771812	ABBB
NA439025:AAAABB:chr17:439027	221	118	2	2	4	NA	0.348082595870207	AAAABB
NA809312:AAAAAB:chr11:809314	479	35	2	2	4	NA	0.0680933852140078	AAAABB
NA731104:AAAAAAB:chr12:731106	291	96	2	1	6	NA	0.248062015503876	AAAAAAB
NA996886:AAAAAAB:chr2:996888	552	30	2	3	4	NA	0.0515463917525773	AAAABBB
NA901412:ABB:chr9:901414	131	116	2	1	2	NA	0.469635627530364	ABB
NA701802:AABBBB:chr10:701804	152	192	2	2	4	NA	0.558139534883721	AABBBB
NA306642:AB:chr15:306644	117	71	2	1	1	NA	0.377659574468085	AB
NA990320:ABBB:chr21:990322	127	170	2	1	3	NA	0.572390572390572	ABBB
NA281424:AABB:chr14:281426	199	122	2	2	2	NA	0.38006230529595	AABB
NA150947:AAAAAB:chr3:150949	503	30	2	1	5	NA	0.0562851782363977	AAAAAB
NA363803:AB:chr7:363805	127	75	2	1	1	NA	0.371287128712871	AB
NA33298:AAAB:chr18:33300	318	37	2	1	3	NA	0.104225352112676	AAAB
NA250318:AAAABBBB:chr19:250320	220	207	2	4	4	NA	0.484777517564403	AAAABBBB
NA557714:AB:chr16:557716	150	39	2	1	1	NA	0.206349206349206	AB
NA510446:AAAB:chr13:510448	208	91	2	1	3	NA	0.304347826086957	AAAB
NA361716:ABB:chr20:361718	119	105	2	1	2	NA	0.46875	ABB
NA844853:AAAAAAAB:chr4:844855	704	29	2	2	6	NA	0.0395634379263302	AAAAAABB
NA224367:AAAB:chr1:224369	202	82	2	1	3	NA	0.288732394366197	AAAB
NA517792:BBBBB:chr6:517794	84	221	2	0	5	NA	0.724590163934426	BBBBB
NA440860:AAABB:chr5:440862	199	115	2	2	3	NA	0.36624203821656	AAABB
NA542549:AAAAB:chr8:542551	377	44	2	2	3	NA	0.104513064133017	AAABB
NA623853:AAAAB:chr22:623855	390	40	2	2	3	NA	0.0930232558139535	AAABB
NA625892:AB:chr17:625894	160	35	2	1	1	NA	0.179487179487179	AB
NA505309:AB:chr11:505311	114	88	2	1	1	NA	0.435643564356436	AB
NA948149:BBBBBB:chr12:948151	91	262	2	0	6	NA	0.742209631728045	BBBBBB
NA471422:AB:chr2:471424	121	79	2	1	1	NA	0.395	AB
NA639816:AAAAAAB:chr9:639818	536	35	2	2	5	NA	0.0612959719789842	AAAAABB
NA655765:AB:chr10:655767	154	25	2	1	1	NA	0.139664804469274	AB
NA74795:AABBBBB:chr15:74797	152	226	2	2	5	NA	0.597883597883598	AABBBBB
NA992635:AAAABBB:chr21:992637	199	158	2	3	4	NA	0.442577030812325	AAAABBB
NA226028:AAB:chr14:226030	149	74	2	1	2	NA	0.331838565022422	AAB
NA135827:AAAAB:chr3:135829	408	39	2	2	3	NA	0.087248322147651	AAABB
NA749740:AB:chr7:749742	169	39	2	1	1	NA	0.1875	AB
NA632601:AB:chr18:632603	121	85	2	1	1	NA	0.412621359223301	AB
NA691139:AAAB:chr19:691141	293	36	2	2	2	NA	0.109422492401216	AABB
NA944923:AAAAAAAAB:chr16:944925	371	78	2	1	8	NA	0.173719376391982	AAAAAAAAB
NA741098:AAAAAB:chr13:741100	272	72	2	1	5	NA	0.209302325581395	AAAAAB
NA844470:AB:chr20:844472	126	92	2	1	1	NA	0.422018348623853	AB
NA944634:AB:chr4:944636	192	42	2	1	1	NA	0.179487179487179	AB
NA393985:B:chr1:393987	89	29	2	0	1	NA	0.245762711864407	B
NA532032:AB:chr6:532034	121	74	2	1	1	NA	0.379487179487179	AB
NA415376:AAAB:chr5:415378	321	37	2	2	2	NA	0.103351955307263	AABB
NA48114:AB:chr8:48116	110	92	2	1	1	NA	0.455445544554455	AB
NA46678:AB:chr22:46680	146	38	2	1	1	NA	0.206521739130435	AB
NA184126:ABBBBB:chr17:184128	122	219	2	1	5	NA	0.642228739002933	ABBBBB
NA983521:AAAB:chr11:983523	327	40	2	1	3	NA	0.108991825613079	AAAB
NA400118:AAB:chr12:400120	146	94	2	1	2	NA	0.391666666666667	AAB
NA302282:AAAB:chr2:302284	366	26	2	1	3	NA	0.0663265306122449	AAAB
NA618395:AAAAAB:chr9:618397	249	86	2	1	5	NA	0.256716417910448	AAAAAB
NA850681:AAAAAABBB:chr10:850683	332	139	2	3	6	NA	0.295116772823779	AAAAAABBB
NA932433:AAAAAB:chr15:932435	489	36	2	2	4	NA	0.0685714285714286	AAAABB
NA174245:AB:chr21:174247	117	74	2	1	1	NA	0.387434554973822	AB
NA901883:AB:chr14:901885	123	76	2	1	1	NA	0.381909547738693	AB
NA924237:AABBBBB:chr3:924239	176	195	2	2	5	NA	0.525606469002695	AABBBBB
NA677467:B:chr7:677469	95	62	2	0	1	NA	0.394904458598726	B
NA673887:AABBBB:chr18:673889	145	218	2	2	4	NA	0.600550964187328	AABBBB
NA1250:AB:chr19:1252	141	84	2	1	1	NA	0.373333333333333	AB
NA448314:AAABBBBBB:chr16:448316	205	248	2	3	6	NA	0.547461368653422	AAABBBBBB
NA701676:AB:chr13:701678	165	39	2	1	1	NA	0.191176470588235	AB
NA13971:ABBB:chr20:13973	136	151	2	1	3	NA	0.526132404181185	ABBB
NA50624:AAB:chr4:50626	174	80	2	1	2	NA	0.31496062992126	AAB
NA975928:AABBBB:chr1:975930	174	167	2	2	4	NA	0.489736070381232	AABBBB
NA315350:AB:chr6:315352	113	80	2	1	1	NA	0.414507772020725	AB
NA337980:AB:chr5:337982	129	64	2	1	1	NA	0.33160621761658	AB
NA974876:AB:chr8:974878	125	100	2	1	1	NA	0.444444444444444	AB
NA909239:AB:chr22:909241	113	78	2	1	1	NA	0.408376963350785	AB
NA532599:AB:chr17:532601	176	24	2	1	1	NA	0.12	AB
NA369146:AB:chr11:369148	170	44	2	1	1	NA	0.205607476635514	AB
NA98095:AAAAAAB:chr12:98097	347	88	2	1	6	NA	0.202298850574713	AAAAAAB
NA128644:ABBBBBB:chr2:128646	129	263	2	1	6	NA	0.670918367346939	ABBBBBB
NA224985:AAAAAB:chr9:224987	290	97	2	1	5	NA	0.250645994832041	AAAAAB
NA493700:AAAAAB:chr10:493702	248	74	2	1	5	NA	0.229813664596273	AAAAAB
NA898295:B:chr15:898297	96	82	2	0	1	NA	0.460674157303371	B
NA873535:AAAB:chr21:873537	319	36	2	2	2	NA	0.101408450704225	AABB
NA649161:ABBB:chr14:649163	129	159	2	1	3	NA	0.552083333333333	ABBB
NA267796:AB:chr3:267798	134	86	2	1	1	NA	0.390909090909091	AB
NA169569:AAAAAABB:chr7:169571	321	119	2	2	6	NA	0.270454545454545	AAAAAABB
NA660393:AB:chr18:660395	119	83	2	1	1	NA	0.410891089108911	AB
NA698292:AB:chr19:698294	121	93	2	1	1	NA	0.434579439252336	AB
NA770685:AAAAAB:chr16:770687	475	36	2	2	4	NA	0.0704500978473581	AAAABB
NA405597:AABB:chr13:405599	182	140	2	2	2	NA	0.434782608695652	AABB
NA928793:AAAAB:chr20:928795	418	43	2	2	3	NA	0.0932754880694143	AAABB
NA472110:AABBB:chr4:472112	135	161	2	2	3	NA	0.543918918918919	AABBB
NA659625:AAAB:chr1:659627	333	43	2	1	3	NA	0.11436170212766	AAAB
NA817949:AAAABB:chr6:817951	257	110	2	2	4	NA	0.299727520435967	AAAABB
NA689353:BB:chr5:689355	87	132	2	0	2	NA	0.602739726027397	BB
NA151402:AAAAB:chr8:151404	417	37	2	2	3	NA	0.0814977973568282	AAABB
NA397204:AAAAAB:chr22:397206	497	40	2	2	4	NA	0.074487895716946	AAAABB
NA30646:AABBB:chr17:30648	192	144	2	2	3	NA	0.428571428571429	AABBB
NA863016:AAB:chr11:863018	125	83	2	1	2	NA	0.399038461538462	AAB
NA503364:AB:chr12:503366	125	81	2	1	1	NA	0.393203883495146	AB
NA46160:AAAABBBB:chr2:46162	243	174	2	4	4	NA	0.41726618705036	AAAABBBB
NA758764:AB:chr9:758766	147	42	2	1	1	NA	0.222222222222222	AB
NA877064:AB:chr10:877066	124	80	2	1	1	NA	0.392156862745098	AB
NA316930:AB:chr15:316932	120	74	2	1	1	NA	0.381443298969072	AB
NA728307:ABBB:chr21:728309	125	146	2	1	3	NA	0.538745387453875	ABBB
NA557087:AAB:chr14:557089	281	32	2	1	2	NA	0.10223642172524	AAB
NA801843:ABB:chr3:801845	113	116	2	1	2	NA	0.506550218340611	ABB
NA478920:AB:chr7:478922	120	71	2	1	1	NA	0.371727748691099	AB
NA639702:AB:chr18:639704	130	66	2	1	1	NA	0.336734693877551	AB
NA669924:AAB:chr19:669926	263	40	2	1	2	NA	0.132013201320132	AAB
NA465433:B:chr16:465435	71	29	2	0	1	NA	0.29	B
NA970910:AAB:chr13:970912	249	46	2	1	2	NA	0.155932203389831	AAB
NA517240:AAAAAAB:chr20:517242	539	49	2	3	4	NA	0.0833333333333333	AAAABBB
NA804518:ABBBB:chr4:804520	109	159	2	1	4	NA	0.593283582089552	ABBBB
NA505330:BBBB:chr1:505332	86	182	2	0	4	NA	0.67910447761194	BBBB
NA604437:AAAAB:chr6:604439	215	80	2	1	4	NA	0.271186440677966	AAAAB
NA277754:AB:chr5:277756	124	95	2	1	1	NA	0.4337899543379	AB
NA95849:AB:chr8:95851	127	60	2	1	1	NA	0.320855614973262	AB
NA158250:BB:chr22:158252	75	119	2	0	2	NA	0.61340206185567	BB
NA817741:AAAAB:chr17:817743	421	50	2	2	3	NA	0.106157112526539	AAABB
NA336814:ABBBBBB:chr11:336816	110	255	2	1	6	NA	0.698630136986301	ABBBBBB
NA647171:AABBB:chr12:647173	150	138	2	2	3	NA	0.479166666666667	AABBB
NA756271:AB:chr2:756273	149	32	2	1	1	NA	0.176795580110497	AB
NA425216:B:chr9:425218	67	77	2	0	1	NA	0.534722222222222	B
NA90864:AB:chr10:90866	136	88	2	1	1	NA	0.392857142857143	AB
NA358454:AABBBB:chr15:358456	164	195	2	2	4	NA	0.543175487465181	AABBBB
NA472497:AB:chr21:472499	114	92	2	1	1	NA	0.446601941747573	AB
NA296266:AB:chr14:296268	174	44	2	1	1	NA	0.201834862385321	AB
NA48982:AAAAAAABB:chr3:48984	333	98	2	2	7	NA	0.22737819025522	AAAAAAABB
NA40912:AAABBB:chr7:40914	167	150	2	3	3	NA	0.473186119873817	AAABBB
NA230888:AAABB:chr18:230890	199	106	2	2	3	NA	0.347540983606557	AAABB
NA896395:AAB:chr19:896397	280	22	2	1	2	NA	0.0728476821192053	AAB
NA610089:AAAAAABB:chr16:610091	268	104	2	2	6	NA	0.279569892473118	AAAAAABB
NA691842:AB:chr13:691844	105	88	2	1	1	NA	0.455958549222798	AB
NA984981:AAAAAB:chr20:984983	486	45	2	1	5	NA	0.0847457627118644	AAAAAB
NA457874:AABBBBBB:chr4:457876	164	244	2	2	6	NA	0.598039215686274	AABBBBBB
NA288288:AB:chr1:288290	112	85	2	1	1	NA	0.431472081218274	AB
NA619850:BBBBBBBBB:chr6:619852	100	383	2	0	9	NA	0.79296066252588	BBBBBBBBB
NA978392:AB:chr5:978394	120	80	2	1	1	NA	0.4	AB
NA465755:AAAB:chr8:465757	316	36	2	1	3	NA	0.102272727272727	AAAB
NA634437:BBB:chr22:634439	81	163	2	0	3	NA	0.668032786885246	BBB
NA601497:AAAAB:chr17:601499	397	35	2	2	3	NA	0.0810185185185185	AAABB
NA753918:AAABB:chr11:753920	199	110	2	2	3	NA	0.355987055016181	AAABB
NA708275:BBBB:chr12:708277	97	199	2	0	4	NA	0.672297297297297	BBBB
NA881378:AAAB:chr2:881380	278	33	2	2	2	NA	0.106109324758842	AABB
NA866483:AAAAAAAAAB:chr9:866485	821	35	2	3	7	NA	0.0408878504672897	AAAAAAABBB
NA671818:AB:chr10:671820	122	79	2	1	1	NA	0.393034825870647	AB
NA334357:BBBBBBBBB:chr15:334359	71	374	2	0	9	NA	0.840449438202247	BBBBBBBBB
NA726552:AB:chr21:726554	142	44	2	1	1	NA	0.236559139784946	AB
NA42692:AAAAABB:chr14:42694	267	120	2	2	5	NA	0.310077519379845	AAAAABB
NA314580:AAAAAB:chr3:314582	493	31	2	2	4	NA	0.0591603053435115	AAAABB
NA440228:AB:chr7:440230	139	39	2	1	1	NA	0.219101123595506	AB
NA502067:AAB:chr18:502069	232	31	2	1	2	NA	0.11787072243346	AAB
NA754416:AAB:chr19:754418	150	79	2	1	2	NA	0.344978165938865	AAB
NA916599:AB:chr16:916601	112	57	2	1	1	NA	0.337278106508876	AB
NA542834:AB:chr13:542836	106	85	2	1	1	NA	0.445026178010471	AB
NA738582:AAAB:chr20:738584	338	33	2	1	3	NA	0.0889487870619946	AAAB
NA744265:AAAAABB:chr4:744267	274	136	2	2	5	NA	0.331707317073171	AAAAABB
NA608481:AB:chr1:608483	168	40	2	1	1	NA	0.192307692307692	AB
NA740724:BBBBBBB:chr6:740726	87	295	2	0	7	NA	0.772251308900524	BBBBBBB
NA75530:AB:chr5:75532	126	92	2	1	1	NA	0.422018348623853	AB
NA698783:BBBBBB:chr8:698785	89	295	2	0	6	NA	0.768229166666667	BBBBBB
NA362727:AB:chr22:362729	179	27	2	1	1	NA	0.131067961165049	AB
NA872772:AB:chr17:872774	140	23	2	1	1	NA	0.141104294478528	AB
NA220433:AB:chr11:220435	152	39	2	1	1	NA	0.204188481675393	AB
NA251411:AB:chr12:251413	143	31	2	1	1	NA	0.17816091954023	AB
NA614409:AAAAAB:chr2:614411	236	79	2	1	5	NA	0.250793650793651	AAAAAB
NA36794:BBBBBBB:chr9:36796	85	267	2	0	7	NA	0.758522727272727	BBBBBBB
NA797749:AB:chr10:797751	106	74	2	1	1	NA	0.411111111111111	AB
NA783036:AAAAAAAAB:chr15:783038	725	37	2	4	5	NA	0.0485564304461942	AAAAABBBB
NA987407:AB:chr21:987409	93	71	2	1	1	NA	0.432926829268293	AB
NA221568:AB:chr14:221570	95	79	2	1	1	NA	0.454022988505747	AB
NA522589:BBBBBBB:chr3:522591	73	256	2	0	7	NA	0.778115501519757	BBBBBBB
NA30737:AAAABB:chr7:30739	236	106	2	2	4	NA	0.309941520467836	AAAABB
NA725443:AB:chr18:725445	167	32	2	1	1	NA	0.160804020100503	AB
NA319238:AB:chr19:319240	143	36	2	1	1	NA	0.201117318435754	AB
NA234668:AAAABB:chr16:234670	249	123	2	2	4	NA	0.330645161290323	AAAABB
NA397203:AAAAB:chr13:397205	453	37	2	2	3	NA	0.0755102040816327	AAABB
NA967122:AAABB:chr20:967124	191	105	2	2	3	NA	0.35472972972973	AAABB
NA249461:AB:chr4:249463	173	29	2	1	1	NA	0.143564356435644	AB
NA24798:AB:chr1:24800	150	33	2	1	1	NA	0.180327868852459	AB
NA253274:AB:chr6:253276	146	78	2	1	1	NA	0.348214285714286	AB
NA95779:BBB:chr5:95781	83	142	2	0	3	NA	0.631111111111111	BBB
NA831907:AB:chr8:831909	152	30	2	1	1	NA	0.164835164835165	AB
NA966781:AB:chr22:966783	165	49	2	1	1	NA	0.228971962616822	AB
NA638855:AB:chr17:638857	136	83	2	1	1	NA	0.378995433789954	AB
NA66348:AABBBBBBBB:chr11:66350	139	311	2	2	8	NA	0.691111111111111	AABBBBBBBB
NA344612:AAAAABB:chr12:344614	282	127	2	2	5	NA	0.310513447432763	AAAAABB
NA553014:AAABBB:chr2:553016	220	143	2	3	3	NA	0.393939393939394	AAABBB
NA805915:AB:chr9:805917	118	88	2	1	1	NA	0.427184466019417	AB
NA889302:AABB:chr10:889304	158	114	2	2	2	NA	0.419117647058824	AABB
NA931775:AB:chr15:931777	164	30	2	1	1	NA	0.154639175257732	AB
NA310933:AAAB:chr21:310935	188	95	2	1	3	NA	0.335689045936396	AAAB
NA695977:AB:chr14:695979	134	70	2	1	1	NA	0.343137254901961	AB
NA314530:AAAB:chr3:314532	372	50	2	1	3	NA	0.118483412322275	AAAB
NA309439:AAAABBB:chr7:309441	219	141	2	3	4	NA	0.391666666666667	AAAABBB
NA879393:BBBBB:chr18:879395	71	237	2	0	5	NA	0.769480519480519	BBBBB
NA799573:AB:chr19:799575	112	83	2	1	1	NA	0.425641025641026	AB
NA960906:AB:chr16:960908	140	66	2	1	1	NA	0.320388349514563	AB
NA26049:BBBBB:chr13:26051	80	226	2	0	5	NA	0.738562091503268	BBBBB
NA100015:AAAAAAAB:chr20:100017	316	72	2	1	7	NA	0.185567010309278	AAAAAAAB
NA640612:AAAAAAB:chr4:640614	591	36	2	1	6	NA	0.0574162679425837	AAAAAAB
NA260360:ABBB:chr1:260362	111	141	2	1	3	NA	0.55952380952381	ABBB
NA416331:AAAAB:chr6:416333	423	41	2	2	3	NA	0.0883620689655172	AAABB
NA52609:AAAB:chr5:52611	285	37	2	2	2	NA	0.114906832298137	AABB
NA313742:AAB:chr8:313744	251	35	2	1	2	NA	0.122377622377622	AAB
NA215870:AABB:chr22:215872	189	122	2	2	2	NA	0.392282958199357	AABB
NA764348:AAAABB:chr17:764350	222	111	2	2	4	NA	0.333333333333333	AAAABB
NA465260:AABB:chr11:465262	161	123	2	2	2	NA	0.433098591549296	AABB
NA148590:AB:chr12:148592	135	68	2	1	1	NA	0.334975369458128	AB
NA730382:AB:chr2:730384	112	87	2	1	1	NA	0.437185929648241	AB
NA997527:AB:chr9:997529	134	61	2	1	1	NA	0.312820512820513	AB
NA454130:AB:chr10:454132	170	31	2	1	1	NA	0.154228855721393	AB
NA467327:AB:chr15:467329	161	43	2	1	1	NA	0.21078431372549	AB
NA171974:BBBBB:chr21:171976	79	267	2	0	5	NA	0.771676300578035	BBBBB
NA32888:AB:chr14:32890	117	90	2	1	1	NA	0.434782608695652	AB
NA982475:AABBBBBB:chr3:982477	144	263	2	2	6	NA	0.646191646191646	AABBBBBB
NA847901:AAAABBBB:chr7:847903	212	174	2	4	4	NA	0.450777202072539	AAAABBBB
NA554512:AB:chr18:554514	135	79	2	1	1	NA	0.369158878504673	AB
NA297898:AB:chr19:297900	119	70	2	1	1	NA	0.37037037037037	AB
NA295103:AAABBBBB:chr16:295105	189	203	2	3	5	NA	0.517857142857143	AAABBBBB
NA263934:AB:chr13:263936	171	43	2	1	1	NA	0.200934579439252	AB
NA865149:AB:chr20:865151	121	64	2	1	1	NA	0.345945945945946	AB
NA93545:AAABB:chr4:93547	185	129	2	2	3	NA	0.410828025477707	AAABB
NA358592:AB:chr1:358594	153	41	2	1	1	NA	0.211340206185567	AB
NA302139:AB:chr6:302141	151	32	2	1	1	NA	0.174863387978142	AB
NA540745:AAAAAAB:chr5:540747	599	41	2	3	4	NA	0.0640625	AAAABBB
NA320840:AAABB:chr8:320842	207	106	2	2	3	NA	0.338658146964856	AAABB
NA19032:AB:chr22:19034	89	105	2	1	1	NA	0.541237113402062	AB
NA916052:AAAAAB:chr17:916054	492	28	2	2	4	NA	0.0538461538461538	AAAABB
NA356527:AB:chr11:356529	180	34	2	1	1	NA	0.158878504672897	AB
NA818424:AAB:chr12:818426	229	31	2	1	2	NA	0.119230769230769	AAB
NA409843:AAB:chr2:409845	247	32	2	1	2	NA	0.114695340501792	AAB
NA497377:AAAAB:chr9:497379	251	83	2	1	4	NA	0.248502994011976	AAAAB
NA171118:AB:chr10:171120	159	38	2	1	1	NA	0.192893401015228	AB
NA306644:AAABBBB:chr15:306646	188	181	2	3	4	NA	0.490514905149051	AAABBBB
NA926034:AAAAAAAB:chr21:926036	618	39	2	3	5	NA	0.0593607305936073	AAAAABBB
NA9447:BBB:chr14:9449	67	176	2	0	3	NA	0.724279835390947	BBB
NA855095:AAABB:chr3:855097	190	116	2	2	3	NA	0.379084967320261	AAABB
NA30817:AB:chr7:30819	127	72	2	1	1	NA	0.361809045226131	AB
NA693681:BBB:chr18:693683	100	154	2	0	3	NA	0.606299212598425	BBB
NA493000:AB:chr19:493002	113	81	2	1	1	NA	0.417525773195876	AB
NA195968:AB:chr16:195970	123	84	2	1	1	NA	0.405797101449275	AB
NA905356:ABBBBB:chr13:905358	128	197	2	1	5	NA	0.606153846153846	ABBBBB
NA702955:AAAB:chr20:702957	325	47	2	2	2	NA	0.126344086021505	AABB
NA437738:ABBBB:chr4:437740	116	177	2	1	4	NA	0.604095563139932	ABBBB
NA479072:ABBB:chr1:479074	136	135	2	1	3	NA	0.498154981549816	ABBB
NA738674:AAAAB:chr6:738676	405	32	2	2	3	NA	0.0732265446224256	AAABB
NA727625:B:chr5:727627	92	71	2	0	1	NA	0.43558282208589	B
NA870089:AB:chr8:870091	178	31	2	1	1	NA	0.148325358851675	AB
NA504169:BB:chr22:504171	77	106	2	0	2	NA	0.579234972677596	BB
NA628131:BBBBB:chr17:628133	96	221	2	0	5	NA	0.697160883280757	BBBBB
NA853176:AAAAB:chr11:853178	411	35	2	1	4	NA	0.07847533632287	AAAAB
NA746688:AB:chr12:746690	135	78	2	1	1	NA	0.366197183098592	AB
NA75269:B:chr2:75271	85	87	2	0	1	NA	0.505813953488372	B
NA327666:ABBBBB:chr9:327668	107	227	2	1	5	NA	0.679640718562874	ABBBBB
NA639070:AABBB:chr10:639072	169	150	2	2	3	NA	0.470219435736677	AABBB
NA28555:AAAAAAAB:chr15:28557	639	40	2	1	7	NA	0.0589101620029455	AAAAAAAB
NA18160:AAAAAAAB:chr21:18162	349	67	2	1	7	NA	0.161057692307692	AAAAAAAB
NA789447:ABBB:chr14:789449	127	171	2	1	3	NA	0.573825503355705	ABBB
NA269544:AAB:chr3:269546	156	81	2	1	2	NA	0.341772151898734	AAB
NA556435:ABBBB:chr7:556437	89	154	2	1	4	NA	0.633744855967078	ABBBB
NA485294:ABBBB:chr18:485296	118	193	2	1	4	NA	0.620578778135048	ABBBB
NA362330:AABB:chr19:362332	143	135	2	2	2	NA	0.485611510791367	AABB
NA716768:AABB:chr16:716770	138	128	2	2	2	NA	0.481203007518797	AABB
NA660536:AAAB:chr13:660538	205	76	2	1	3	NA	0.270462633451957	AAAB
NA370565:AAAAAAB:chr20:370567	585	43	2	3	4	NA	0.0684713375796178	AAAABBB
NA384293:AAB:chr4:384295	243	32	2	1	2	NA	0.116363636363636	AAB
NA957719:B:chr1:957721	97	41	2	0	1	NA	0.297101449275362	B
NA209861:AB:chr6:209863	117	71	2	1	1	NA	0.377659574468085	AB
NA588362:AAABB:chr5:588364	174	108	2	2	3	NA	0.382978723404255	AAABB
NA857398:AB:chr8:857400	166	35	2	1	1	NA	0.174129353233831	AB
NA967618:AB:chr22:967620	125	66	2	1	1	NA	0.345549738219895	AB
NA973595:AB:chr17:973597	104	86	2	1	1	NA	0.452631578947368	AB
NA843977:AB:chr11:843979	149	41	2	1	1	NA	0.215789473684211	AB
NA698687:AAAAAAABB:chr12:698689	355	115	2	2	7	NA	0.24468085106383	AAAAAAABB
NA109012:AAAABBB:chr2:109014	218	160	2	3	4	NA	0.423280423280423	AAAABBB
NA517347:AAAAAB:chr9:517349	496	33	2	1	5	NA	0.0623818525519849	AAAAAB
NA788144:AB:chr10:788146	105	75	2	1	1	NA	0.416666666666667	AB
NA461857:AAAB:chr15:461859	327	32	2	2	2	NA	0.0891364902506964	AABB
NA711509:AB:chr21:711511	124	91	2	1	1	NA	0.423255813953488	AB
NA229893:AAAAB:chr14:229895	232	73	2	1	4	NA	0.239344262295082	AAAAB
NA527694:AAAB:chr3:527696	283	38	2	2	2	NA	0.118380062305296	AABB
NA451097:AB:chr7:451099	152	33	2	1	1	NA	0.178378378378378	AB
NA670773:AB:chr18:670775	149	95	2	1	1	NA	0.389344262295082	AB
NA954717:ABBB:chr19:954719	137	168	2	1	3	NA	0.550819672131148	ABBB
NA523440:AB:chr16:523442	126	89	2	1	1	NA	0.413953488372093	AB
NA633227:AB:chr13:633229	151	27	2	1	1	NA	0.151685393258427	AB
NA242931:BBBBBBB:chr20:242933	100	305	2	0	7	NA	0.753086419753086	BBBBBBB
NA293874:AB:chr4:293876	133	80	2	1	1	NA	0.375586854460094	AB
NA122888:AAB:chr1:122890	261	38	2	1	2	NA	0.127090301003344	AAB
NA948162:AAAAAAAAB:chr6:948164	725	35	2	2	7	NA	0.0460526315789474	AAAAAAABB
NA311100:AAAAB:chr5:311102	380	38	2	2	3	NA	0.0909090909090909	AAABB
NA896017:AAB:chr8:896019	160	84	2	1	2	NA	0.344262295081967	AAB
NA778201:BBBB:chr22:778203	80	182	2	0	4	NA	0.694656488549618	BBBB
NA607742:AABBB:chr17:607744	129	163	2	2	3	NA	0.558219178082192	AABBB
NA777780:AB:chr11:777782	155	33	2	1	1	NA	0.175531914893617	AB
NA316292:AB:chr12:316294	135	71	2	1	1	NA	0.344660194174757	AB
NA123344:BBBBB:chr2:123346	96	234	2	0	5	NA	0.709090909090909	BBBBB
NA28208:AAAAAABB:chr9:28210	301	110	2	2	6	NA	0.267639902676399	AAAAAABB
NA407045:BBBBB:chr10:407047	80	239	2	0	5	NA	0.749216300940439	BBBBB
NA344775:BBBBB:chr15:344777	90	233	2	0	5	NA	0.721362229102167	BBBBB
NA504968:AABBBBB:chr21:504970	145	258	2	2	5	NA	0.640198511166253	AABBBBB
NA101795:ABBBBB:chr14:101797	135	240	2	1	5	NA	0.64	ABBBBB
NA790029:B:chr3:790031	77	87	2	0	1	NA	0.530487804878049	B
NA291278:BBBBBB:chr7:291280	98	255	2	0	6	NA	0.722379603399433	BBBBBB
NA572193:AAAAB:chr18:572195	363	34	2	2	3	NA	0.0856423173803526	AAABB
NA606252:AAB:chr19:606254	259	26	2	1	2	NA	0.0912280701754386	AAB
NA450391:BBBB:chr16:450393	83	180	2	0	4	NA	0.684410646387833	BBBB
NA30608:AB:chr13:30610	143	41	2	1	1	NA	0.222826086956522	AB
NA578687:AAB:chr20:578689	261	32	2	1	2	NA	0.109215017064846	AAB
NA221467:AAB:chr4:221469	138	73	2	1	2	NA	0.345971563981043	AAB
NA322468:AAABBB:chr1:322470	185	163	2	3	3	NA	0.468390804597701	AAABBB
NA884982:BBBB:chr6:884984	94	183	2	0	4	NA	0.660649819494585	BBBB
NA19762:AB:chr5:19764	166	34	2	1	1	NA	0.17	AB
NA523699:AAAAB:chr8:523701	242	78	2	1	4	NA	0.24375	AAAAB
NA845951:BBBBB:chr22:845953	82	229	2	0	5	NA	0.736334405144695	BBBBB
NA558393:AB:chr17:558395	135	66	2	1	1	NA	0.328358208955224	AB
NA82531:AB:chr11:82533	137	63	2	1	1	NA	0.315	AB
NA73953:AAAB:chr12:73955	367	27	2	2	2	NA	0.0685279187817259	AABB
NA369007:ABB:chr2:369009	140	122	2	1	2	NA	0.465648854961832	ABB
NA379431:AB:chr9:379433	120	100	2	1	1	NA	0.454545454545455	AB
NA957999:AAAB:chr10:958001	337	26	2	2	2	NA	0.0716253443526171	AABB
NA454809:AAAAAB:chr15:454811	205	90	2	1	5	NA	0.305084745762712	AAAAAB
NA428563:BB:chr21:428565	113	108	2	0	2	NA	0.48868778280543	BB
NA639718:AAAAAB:chr14:639720	208	77	2	1	5	NA	0.270175438596491	AAAAAB
NA157916:AAAAAAAAB:chr3:157918	723	27	2	3	6	NA	0.036	AAAAAABBB
NA334813:AABBB:chr7:334815	137	132	2	2	3	NA	0.490706319702602	AABBB
NA114457:AAABB:chr18:114459	150	110	2	2	3	NA	0.423076923076923	AAABB
NA422798:BBBB:chr19:422800	83	176	2	0	4	NA	0.67953667953668	BBBB
NA554281:AABBB:chr16:554283	143	132	2	2	3	NA	0.48	AABBB
NA76763:AABBBB:chr13:76765	136	163	2	2	4	NA	0.545150501672241	AABBBB
NA917293:ABBB:chr20:917295	134	114	2	1	3	NA	0.459677419354839	ABBB
NA415972:AABB:chr4:415974	146	120	2	2	2	NA	0.451127819548872	AABB
NA840384:AB:chr1:840386	111	83	2	1	1	NA	0.427835051546392	AB
NA935431:ABB:chr6:935433	115	115	2	1	2	NA	0.5	ABB
NA834990:BBBBBBB:chr5:834992	104	237	2	0	7	NA	0.695014662756598	BBBBBBB
NA554366:B:chr8:554368	115	25	2	0	1	NA	0.178571428571429	B
NA401574:AAAB:chr22:401576	310	22	2	1	3	NA	0.0662650602409639	AAAB
NA573833:AAAB:chr17:573835	344	19	2	1	3	NA	0.0523415977961433	AAAB
NA110127:AAAAAAB:chr11:110129	593	34	2	3	4	NA	0.0542264752791069	AAAABBB
NA419048:AAABB:chr12:419050	201	120	2	2	3	NA	0.373831775700935	AAABB
NA541034:AAAAAB:chr2:541036	507	27	2	2	4	NA	0.050561797752809	AAAABB
NA675058:AAAB:chr9:675060	179	63	2	1	3	NA	0.260330578512397	AAAB
NA137006:AAB:chr10:137008	255	20	2	1	2	NA	0.0727272727272727	AAB
NA597204:AB:chr15:597206	182	32	2	1	1	NA	0.149532710280374	AB
NA352950:ABBBBB:chr21:352952	118	173	2	1	5	NA	0.594501718213058	ABBBBB
NA317788:AAAAAAAAAB:chr14:317790	828	26	2	5	5	NA	0.0304449648711944	AAAAABBBBB
NA105252:B:chr3:105254	81	31	2	0	1	NA	0.276785714285714	B
NA608067:AAAB:chr7:608069	337	28	2	1	3	NA	0.0767123287671233	AAAB
NA217447:AB:chr18:217449	120	91	2	1	1	NA	0.431279620853081	AB
NA196941:AB:chr19:196943	166	27	2	1	1	NA	0.139896373056995	AB
NA849762:AAB:chr16:849764	255	22	2	1	2	NA	0.0794223826714801	AAB
NA715903:AAAAAB:chr13:715905	509	24	2	2	4	NA	0.0450281425891182	AAAABB
NA194683:BBBBBBBB:chr20:194685	98	253	2	0	8	NA	0.720797720797721	BBBBBBBB
NA331398:AB:chr4:331400	127	83	2	1	1	NA	0.395238095238095	AB
NA647407:AB:chr1:647409	185	32	2	1	1	NA	0.147465437788018	AB
NA963880:AB:chr6:963882	119	67	2	1	1	NA	0.360215053763441	AB
NA842538:AB:chr5:842540	111	82	2	1	1	NA	0.424870466321244	AB
NA736324:AAAB:chr8:736326	341	21	2	2	2	NA	0.0580110497237569	AABB
NA783842:BBBBBBB:chr22:783844	103	242	2	0	7	NA	0.701449275362319	BBBBBBB
NA108779:AAAAAAB:chr17:108781	586	26	2	3	4	NA	0.042483660130719	AAAABBB
NA699288:AAAAAAB:chr11:699290	568	28	2	3	4	NA	0.0469798657718121	AAAABBB
NA763105:AB:chr12:763107	106	63	2	1	1	NA	0.372781065088757	AB
NA656184:AAB:chr2:656186	248	29	2	1	2	NA	0.104693140794224	AAB
NA555253:AAAABBB:chr9:555255	192	133	2	3	4	NA	0.409230769230769	AAAABBB
NA903308:AAAABB:chr10:903310	169	106	2	2	4	NA	0.385454545454545	AAAABB
NA239261:AABBB:chr15:239263	151	134	2	2	3	NA	0.470175438596491	AABBB
NA125882:BBBB:chr21:125884	82	140	2	0	4	NA	0.630630630630631	BBBB
NA52041:AB:chr14:52043	118	80	2	1	1	NA	0.404040404040404	AB
NA553689:AABBBBBB:chr3:553691	150	222	2	2	6	NA	0.596774193548387	AABBBBBB
NA80022:AAAAAB:chr7:80024	246	70	2	1	5	NA	0.221518987341772	AAAAAB
NA567695:BB:chr18:567697	93	102	2	0	2	NA	0.523076923076923	BB
NA665907:AAAABBB:chr19:665909	197	132	2	3	4	NA	0.401215805471125	AAAABBB
NA4539:AB:chr16:4541	122	77	2	1	1	NA	0.386934673366834	AB
NA864387:AAAAB:chr13:864389	418	28	2	1	4	NA	0.062780269058296	AAAAB
NA29589:AB:chr20:29591	164	31	2	1	1	NA	0.158974358974359	AB
NA205141:AAAAAB:chr4:205143	462	35	2	1	5	NA	0.0704225352112676	AAAAAB
NA74073:AB:chr1:74075	183	27	2	1	1	NA	0.128571428571429	AB
NA913578:AB:chr6:913580	139	72	2	1	1	NA	0.341232227488152	AB
NA407969:AAB:chr5:407971	253	33	2	1	2	NA	0.115384615384615	AAB
NA241375:BBBBBBB:chr8:241377	83	241	2	0	7	NA	0.743827160493827	BBBBBBB
NA619796:AB:chr22:619798	165	25	2	1	1	NA	0.131578947368421	AB
NA400456:AABBBBB:chr17:400458	149	181	2	2	5	NA	0.548484848484848	AABBBBB
NA930744:B:chr11:930746	92	82	2	0	1	NA	0.471264367816092	B
NA539378:AAAAAAB:chr12:539380	597	29	2	1	6	NA	0.0463258785942492	AAAAAAB
NA943428:AAAABBBB:chr2:943430	189	163	2	4	4	NA	0.463068181818182	AAAABBBB
NA420975:B:chr9:420977	89	20	2	0	1	NA	0.18348623853211	B
NA634451:AAAAAB:chr10:634453	494	29	2	3	3	NA	0.0554493307839388	AAABBB
NA736308:B:chr15:736310	96	97	2	0	1	NA	0.50259067357513	B
NA69532:AB:chr21:69534	181	20	2	1	1	NA	0.0995024875621891	AB
NA812434:AB:chr14:812436	128	74	2	1	1	NA	0.366336633663366	AB
NA362292:AB:chr3:362294	127	70	2	1	1	NA	0.355329949238579	AB
NA419617:AB:chr7:419619	116	77	2	1	1	NA	0.398963730569948	AB
NA54172:AB:chr18:54174	115	82	2	1	1	NA	0.416243654822335	AB
NA288232:AAAABB:chr19:288234	201	133	2	2	4	NA	0.398203592814371	AAAABB
NA843678:AABBB:chr16:843680	154	130	2	2	3	NA	0.457746478873239	AABBB
NA622386:AAAABB:chr13:622388	215	106	2	2	4	NA	0.330218068535826	AAAABB
NA307972:B:chr20:307974	94	74	2	0	1	NA	0.44047619047619	B
NA124652:AB:chr4:124654	123	71	2	1	1	NA	0.365979381443299	AB
NA981067:AAAAAAB:chr1:981069	575	25	2	3	4	NA	0.0416666666666667	AAAABBB
NA26527:B:chr6:26529	92	33	2	0	1	NA	0.264	B
NA173134:AB:chr5:173136	162	28	2	1	1	NA	0.147368421052632	AB
NA301949:AB:chr8:301951	121	90	2	1	1	NA	0.42654028436019	AB
NA542631:BB:chr22:542633	84	113	2	0	2	NA	0.573604060913706	BB
NA369063:BBBB:chr17:369065	80	149	2	0	4	NA	0.650655021834061	BBBB
NA321541:AAAAAAAB:chr11:321543	647	26	2	4	4	NA	0.0386329866270431	AAAABBBB
NA604804:AAAAAB:chr12:604806	480	28	2	1	5	NA	0.0551181102362205	AAAAAB
NA649158:AABBB:chr2:649160	163	147	2	2	3	NA	0.474193548387097	AABBB
NA141844:AB:chr9:141846	84	62	2	1	1	NA	0.424657534246575	AB
NA290948:AB:chr10:290950	131	76	2	1	1	NA	0.367149758454106	AB
NA908184:AAABBBB:chr15:908186	165	175	2	3	4	NA	0.514705882352941	AAABBBB
NA402203:AAAAAAB:chr21:402205	602	28	2	3	4	NA	0.0444444444444444	AAAABBB
NA370669:AAABBB:chr14:370671	184	132	2	3	3	NA	0.417721518987342	AAABBB
NA268261:AB:chr3:268263	176	26	2	1	1	NA	0.128712871287129	AB
NA653996:AABBBB:chr7:653998	155	135	2	2	4	NA	0.46551724137931	AABBBB
NA620982:AB:chr18:620984	107	74	2	1	1	NA	0.408839779005525	AB
NA563742:AB:chr19:563744	111	84	2	1	1	NA	0.430769230769231	AB
NA936661:AAAAAAABB:chr16:936663	273	96	2	2	7	NA	0.260162601626016	AAAAAAABB
NA584756:BB:chr13:584758	85	115	2	0	2	NA	0.575	BB
NA347400:AB:chr20:347402	103	96	2	1	1	NA	0.482412060301508	AB
NA966589:AB:chr4:966591	126	67	2	1	1	NA	0.347150259067358	AB
NA987729:AAAB:chr1:987731	362	27	2	1	3	NA	0.0694087403598972	AAAB
NA386540:ABBB:chr6:386542	116	112	2	1	3	NA	0.491228070175439	ABBB
NA545962:AB:chr5:545964	113	70	2	1	1	NA	0.382513661202186	AB
NA216270:ABBB:chr8:216272	141	133	2	1	3	NA	0.485401459854015	ABBB
NA157005:AAAB:chr22:157007	322	31	2	1	3	NA	0.0878186968838527	AAAB
NA347188:AAABBB:chr17:347190	161	137	2	3	3	NA	0.459731543624161	AAABBB
NA369105:AAB:chr11:369107	248	27	2	1	2	NA	0.0981818181818182	AAB
NA705826:AABBBBBBB:chr12:705828	134	236	2	2	7	NA	0.637837837837838	AABBBBBBB
NA36998:BB:chr2:37000	98	92	2	0	2	NA	0.484210526315789	BB
NA784052:AAAAAAAB:chr9:784054	653	22	2	3	5	NA	0.0325925925925926	AAAAABBB
NA976936:AB:chr10:976938	176	16	2	1	1	NA	0.0833333333333333	AB
NA673920:AAAB:chr15:673922	297	27	2	1	3	NA	0.0833333333333333	AAAB
NA829873:AB:chr21:829875	177	33	2	1	1	NA	0.157142857142857	AB
NA142212:AAAB:chr14:142214	148	70	2	1	3	NA	0.321100917431193	AAAB
NA177526:AAABBBB:chr3:177528	161	161	2	3	4	NA	0.5	AAABBBB
NA829791:AABBBB:chr7:829793	158	157	2	2	4	NA	0.498412698412698	AABBBB
NA617143:AAAB:chr18:617145	148	81	2	1	3	NA	0.353711790393013	AAAB
NA528969:AAAAB:chr19:528971	439	30	2	2	3	NA	0.0639658848614073	AAABB
NA750841:ABBBB:chr16:750843	120	141	2	1	4	NA	0.540229885057471	ABBBB
NA654391:AAAAAAAAAB:chr13:654393	817	29	2	2	8	NA	0.0342789598108747	AAAAAAAABB
NA337296:AAAABBBB:chr20:337298	190	146	2	4	4	NA	0.43452380952381	AAAABBBB
NA778812:BBBBBBBB:chr4:778814	88	261	2	0	8	NA	0.747851002865329	BBBBBBBB
NA928538:AAABBB:chr1:928540	185	131	2	3	3	NA	0.414556962025316	AAABBB
NA947017:BBBBBBB:chr6:947019	103	224	2	0	7	NA	0.685015290519878	BBBBBBB
NA754822:AAB:chr5:754824	235	23	2	1	2	NA	0.0891472868217054	AAB
NA754495:BBB:chr8:754497	88	137	2	0	3	NA	0.608888888888889	BBB
NA527592:BBBB:chr22:527594	85	145	2	0	4	NA	0.630434782608696	BBBB
NA181192:AB:chr17:181194	170	24	2	1	1	NA	0.123711340206186	AB
NA823383:AB:chr11:823385	162	22	2	1	1	NA	0.119565217391304	AB
NA543611:ABBBBB:chr12:543613	107	157	2	1	5	NA	0.59469696969697	ABBBBB
NA829896:BBBBB:chr2:829898	86	186	2	0	5	NA	0.683823529411765	BBBBB
NA776433:AAABBBBB:chr9:776435	168	171	2	3	5	NA	0.504424778761062	AAABBBBB
NA207046:AAAAAAAB:chr10:207048	279	94	2	1	7	NA	0.25201072386059	AAAAAAAB
NA344019:BBBBBBB:chr15:344021	92	220	2	0	7	NA	0.705128205128205	BBBBBBB
NA157177:AAAAB:chr21:157179	408	36	2	2	3	NA	0.0810810810810811	AAABB
NA23568:AB:chr14:23570	116	80	2	1	1	NA	0.408163265306122	AB
NA877247:AB:chr3:877249	127	65	2	1	1	NA	0.338541666666667	AB
NA802099:ABBB:chr7:802101	113	143	2	1	3	NA	0.55859375	ABBB
NA51352:BBBB:chr18:51354	97	133	2	0	4	NA	0.578260869565217	BBBB
NA337355:AB:chr19:337357	184	25	2	1	1	NA	0.119617224880383	AB
NA368822:AABB:chr16:368824	129	105	2	2	2	NA	0.448717948717949	AABB
NA521994:AB:chr13:521996	88	77	2	1	1	NA	0.466666666666667	AB
NA369293:AAB:chr20:369295	268	30	2	1	2	NA	0.100671140939597	AAB
NA794029:AAABBBB:chr4:794031	173	146	2	3	4	NA	0.457680250783699	AAABBBB
NA952565:BB:chr1:952567	102	116	2	0	2	NA	0.532110091743119	BB
NA828172:AB:chr6:828174	188	32	2	1	1	NA	0.145454545454545	AB
NA609074:AAAAAAAB:chr5:609076	673	23	2	1	7	NA	0.0330459770114943	AAAAAAAB
NA58947:AAAAB:chr8:58949	185	81	2	1	4	NA	0.304511278195489	AAAAB
NA735716:AABBB:chr22:735718	144	129	2	2	3	NA	0.472527472527473	AABBB
NA633524:AB:chr17:633526	188	25	2	1	1	NA	0.117370892018779	AB
NA215073:AB:chr11:215075	185	20	2	1	1	NA	0.0975609756097561	AB
NA916570:AAABB:chr12:916572	170	103	2	2	3	NA	0.377289377289377	AAABB
NA667984:ABBBB:chr2:667986	118	150	2	1	4	NA	0.559701492537313	ABBBB
NA207431:AAB:chr9:207433	137	71	2	1	2	NA	0.341346153846154	AAB
NA610617:AAABBB:chr10:610619	194	137	2	3	3	NA	0.413897280966767	AAABBB
NA913363:AAAAAB:chr15:913365	513	27	2	3	3	NA	0.05	AAABBB
NA76335:AABBB:chr21:76337	156	140	2	2	3	NA	0.472972972972973	AABBB
NA360556:AAAB:chr14:360558	315	24	2	2	2	NA	0.0707964601769911	AABB
NA766575:ABB:chr3:766577	121	101	2	1	2	NA	0.454954954954955	ABB
NA460742:AAAAABBB:chr7:460744	226	129	2	3	5	NA	0.363380281690141	AAAAABBB
NA313797:ABBBBBB:chr18:313799	124	196	2	1	6	NA	0.6125	ABBBBBB
NA527396:AABBB:chr19:527398	145	122	2	2	3	NA	0.456928838951311	AABBB
NA176888:B:chr16:176890	109	67	2	0	1	NA	0.380681818181818	B
NA804143:AB:chr13:804145	166	21	2	1	1	NA	0.112299465240642	AB
NA683847:AB:chr20:683849	166	30	2	1	1	NA	0.153061224489796	AB
NA998970:BB:chr4:998972	99	97	2	0	2	NA	0.494897959183673	BB
NA782978:AAB:chr1:782980	228	25	2	1	2	NA	0.0988142292490119	AAB
NA946131:AAAAAAB:chr6:946133	552	33	2	3	4	NA	0.0564102564102564	AAAABBB
NA998204:AABBB:chr5:998206	147	133	2	2	3	NA	0.475	AABBB
NA278057:AB:chr8:278059	160	23	2	1	1	NA	0.12568306010929	AB
NA216258:AABBBB:chr22:216260	132	145	2	2	4	NA	0.523465703971119	AABBBB
NA812850:AB:chr17:812852	129	80	2	1	1	NA	0.382775119617225	AB
NA109928:AB:chr11:109930	163	29	2	1	1	NA	0.151041666666667	AB
NA920251:AAAAB:chr12:920253	406	25	2	2	3	NA	0.0580046403712297	AAABB
NA986430:AAAB:chr2:986432	316	22	2	1	3	NA	0.0650887573964497	AAAB
NA82421:BBBBBB:chr9:82423	98	213	2	0	6	NA	0.684887459807074	BBBBBB
NA335815:ABB:chr10:335817	99	98	2	1	2	NA	0.49746192893401	ABB
NA139166:AB:chr15:139168	109	75	2	1	1	NA	0.407608695652174	AB
NA560067:AAAAAAAAB:chr21:560069	723	26	2	2	7	NA	0.0347129506008011	AAAAAAABB
NA947932:ABBB:chr14:947934	115	129	2	1	3	NA	0.528688524590164	ABBB
NA911881:AAB:chr3:911883	261	24	2	1	2	NA	0.0842105263157895	AAB
NA323163:AB:chr7:323165	147	17	2	1	1	NA	0.103658536585366	AB
NA383417:AAAAB:chr18:383419	195	97	2	1	4	NA	0.332191780821918	AAAAB
NA402307:AAABBBBBBBB:chr19:402309	173	231	2	3	8	NA	0.571782178217822	AAABBBBBBBB
NA870300:AAAAAAB:chr16:870302	610	21	2	2	5	NA	0.0332805071315372	AAAAABB
NA971630:BBBB:chr13:971632	100	156	2	0	4	NA	0.609375	BBBB
NA902313:AABB:chr20:902315	143	114	2	2	2	NA	0.443579766536965	AABB
NA157879:AB:chr4:157881	122	61	2	1	1	NA	0.333333333333333	AB
NA3518:AAB:chr1:3520	161	72	2	1	2	NA	0.309012875536481	AAB
NA380077:B:chr6:380079	102	25	2	0	1	NA	0.196850393700787	B
NA350710:AB:chr5:350712	124	84	2	1	1	NA	0.403846153846154	AB
NA455128:AAAB:chr8:455130	299	32	2	1	3	NA	0.0966767371601208	AAAB
NA61207:AAAAB:chr22:61209	209	75	2	1	4	NA	0.264084507042254	AAAAB
NA164343:AB:chr17:164345	116	89	2	1	1	NA	0.434146341463415	AB
NA421366:AAB:chr11:421368	272	26	2	1	2	NA	0.087248322147651	AAB
NA513811:AB:chr12:513813	131	85	2	1	1	NA	0.393518518518519	AB
NA827065:AB:chr2:827067	177	20	2	1	1	NA	0.101522842639594	AB
NA349415:AB:chr9:349417	186	28	2	1	1	NA	0.130841121495327	AB
NA638211:AB:chr10:638213	182	19	2	1	1	NA	0.0945273631840796	AB
NA775105:AB:chr15:775107	201	36	2	1	1	NA	0.151898734177215	AB
NA270242:AAAB:chr21:270244	344	28	2	2	2	NA	0.0752688172043011	AABB
NA112416:AB:chr14:112418	128	84	2	1	1	NA	0.39622641509434	AB
NA489190:AAAAB:chr3:489192	439	25	2	2	3	NA	0.0538793103448276	AAABB
NA937348:ABBBBB:chr7:937350	105	172	2	1	5	NA	0.620938628158845	ABBBBB
NA273305:AAAAAB:chr18:273307	466	27	2	3	3	NA	0.0547667342799189	AAABBB
NA85516:AAAAB:chr19:85518	377	31	2	2	3	NA	0.0759803921568627	AAABB
NA809861:AB:chr16:809863	194	29	2	1	1	NA	0.130044843049327	AB
NA149673:AAAAAAAB:chr13:149675	654	23	2	1	7	NA	0.03397341211226	AAAAAAAB
NA312717:AB:chr20:312719	128	80	2	1	1	NA	0.384615384615385	AB
NA43075:BBBBB:chr4:43077	91	200	2	0	5	NA	0.687285223367698	BBBBB
NA312316:AABB:chr1:312318	143	94	2	2	2	NA	0.39662447257384	AABB
NA684857:AB:chr6:684859	104	81	2	1	1	NA	0.437837837837838	AB
NA2497:AAAAAAAABB:chr5:2499	320	122	2	2	8	NA	0.276018099547511	AAAAAAAABB
NA703113:AB:chr8:703115	118	70	2	1	1	NA	0.372340425531915	AB
NA655081:AAAABBBBBB:chr22:655083	202	220	2	4	6	NA	0.52132701421801	AAAABBBBBB
NA45450:AABB:chr17:45452	135	95	2	2	2	NA	0.41304347826087	AABB
NA998541:ABBB:chr11:998543	125	123	2	1	3	NA	0.495967741935484	ABBB
NA192696:ABBB:chr12:192698	126	134	2	1	3	NA	0.515384615384615	ABBB
NA578584:AAABBBBBB:chr2:578586	170	218	2	3	6	NA	0.561855670103093	AAABBBBBB
NA960510:AB:chr9:960512	100	63	2	1	1	NA	0.386503067484663	AB
NA931938:AAABBBB:chr10:931940	173	155	2	3	4	NA	0.472560975609756	AAABBBB
NA770047:AB:chr15:770049	162	24	2	1	1	NA	0.129032258064516	AB
NA204733:AB:chr21:204735	176	19	2	1	1	NA	0.0974358974358974	AB
NA208655:AAB:chr14:208657	242	22	2	1	2	NA	0.0833333333333333	AAB
NA875804:AB:chr3:875806	190	24	2	1	1	NA	0.11214953271028	AB
NA690296:AAAB:chr7:690298	298	19	2	1	3	NA	0.0599369085173502	AAAB
NA516018:AAAB:chr18:516020	184	66	2	1	3	NA	0.264	AAAB
NA150765:AB:chr19:150767	110	72	2	1	1	NA	0.395604395604396	AB
NA942031:BB:chr16:942033	99	109	2	0	2	NA	0.524038461538462	BB
NA653328:AAB:chr13:653330	155	82	2	1	2	NA	0.345991561181435	AAB
NA934082:BBB:chr20:934084	96	127	2	0	3	NA	0.569506726457399	BBB
NA897147:AB:chr4:897149	183	25	2	1	1	NA	0.120192307692308	AB
NA168944:AB:chr1:168946	110	64	2	1	1	NA	0.367816091954023	AB
NA392069:AAAAAB:chr6:392071	498	28	2	1	5	NA	0.0532319391634981	AAAAAB
NA377079:BBB:chr5:377081	101	133	2	0	3	NA	0.568376068376068	BBB
NA45712:AAAAAB:chr8:45714	503	22	2	2	4	NA	0.0419047619047619	AAAABB
NA374613:AB:chr22:374615	111	83	2	1	1	NA	0.427835051546392	AB
NA638699:BB:chr17:638701	101	96	2	0	2	NA	0.487309644670051	BB
NA281811:AB:chr11:281813	144	69	2	1	1	NA	0.323943661971831	AB
NA305379:AAAB:chr12:305381	335	31	2	2	2	NA	0.0846994535519126	AABB
NA116249:AB:chr2:116251	181	21	2	1	1	NA	0.103960396039604	AB
NA806984:BB:chr9:806986	94	105	2	0	2	NA	0.527638190954774	BB
NA993438:AB:chr10:993440	98	78	2	1	1	NA	0.443181818181818	AB
NA522148:AABBBBB:chr15:522150	145	205	2	2	5	NA	0.585714285714286	AABBBBB
NA632084:AB:chr21:632086	120	74	2	1	1	NA	0.381443298969072	AB
NA159425:AB:chr14:159427	140	69	2	1	1	NA	0.330143540669856	AB
NA539340:AAAAAB:chr3:539342	503	34	2	2	4	NA	0.0633147113594041	AAAABB
NA817847:AB:chr7:817849	116	82	2	1	1	NA	0.414141414141414	AB
NA617713:AB:chr18:617715	178	29	2	1	1	NA	0.140096618357488	AB
NA486607:AB:chr19:486609	117	55	2	1	1	NA	0.319767441860465	AB
NA769255:AB:chr16:769257	108	68	2	1	1	NA	0.386363636363636	AB
NA772783:BBBB:chr13:772785	86	147	2	0	4	NA	0.630901287553648	BBBB
NA237308:AAAAB:chr20:237310	424	25	2	1	4	NA	0.0556792873051225	AAAAB
NA397105:AAABB:chr4:397107	174	97	2	2	3	NA	0.357933579335793	AAABB
NA320411:AABBBB:chr1:320413	143	171	2	2	4	NA	0.544585987261146	AABBBB
NA143693:AAABB:chr6:143695	175	90	2	2	3	NA	0.339622641509434	AAABB
NA480677:BBBBB:chr5:480679	101	185	2	0	5	NA	0.646853146853147	BBBBB
NA845592:BBBB:chr8:845594	97	148	2	0	4	NA	0.604081632653061	BBBB
NA964237:AAAB:chr22:964239	348	27	2	2	2	NA	0.072	AABB
NA311291:BB:chr17:311293	99	107	2	0	2	NA	0.519417475728155	BB
NA697761:AAAB:chr11:697763	185	70	2	1	3	NA	0.274509803921569	AAAB
NA720003:AABBBBBB:chr12:720005	159	226	2	2	6	NA	0.587012987012987	AABBBBBB
NA100800:AB:chr2:100802	151	21	2	1	1	NA	0.122093023255814	AB
NA379647:AB:chr9:379649	186	20	2	1	1	NA	0.0970873786407767	AB
NA684361:BBB:chr10:684363	91	121	2	0	3	NA	0.570754716981132	BBB
NA332576:AABBBBB:chr15:332578	188	181	2	2	5	NA	0.490514905149051	AABBBBB
NA614973:AAAAB:chr21:614975	207	86	2	1	4	NA	0.293515358361775	AAAAB
NA112484:AABB:chr14:112486	146	111	2	2	2	NA	0.431906614785992	AABB
NA322827:AAABBBBBB:chr3:322829	185	173	2	3	6	NA	0.483240223463687	AAABBBBBB
NA566961:AAAAAAB:chr7:566963	263	58	2	1	6	NA	0.180685358255452	AAAAAAB
NA348051:AB:chr18:348053	129	77	2	1	1	NA	0.37378640776699	AB
NA442813:AAAAAAAAAB:chr19:442815	774	21	2	5	5	NA	0.0264150943396226	AAAAABBBBB
NA306210:AB:chr16:306212	107	82	2	1	1	NA	0.433862433862434	AB
NA980979:ABBBB:chr13:980981	140	145	2	1	4	NA	0.508771929824561	ABBBB
NA213407:AB:chr20:213409	111	69	2	1	1	NA	0.383333333333333	AB
NA177489:BBBBBB:chr4:177491	73	191	2	0	6	NA	0.723484848484849	BBBBBB
NA341769:AAAB:chr1:341771	351	26	2	2	2	NA	0.0689655172413793	AABB
NA696749:ABBBBBBB:chr6:696751	123	235	2	1	7	NA	0.656424581005587	ABBBBBBB
NA275049:AAAAAB:chr5:275051	516	24	2	2	4	NA	0.0444444444444444	AAAABB
NA47373:AAABBB:chr8:47375	179	142	2	3	3	NA	0.442367601246106	AAABBB
NA18539:BB:chr22:18541	76	86	2	0	2	NA	0.530864197530864	BB
NA414719:ABBB:chr17:414721	103	130	2	1	3	NA	0.55793991416309	ABBB
NA104089:AAABBBB:chr11:104091	178	161	2	3	4	NA	0.474926253687316	AAABBBB
NA454203:AB:chr12:454205	99	81	2	1	1	NA	0.45	AB
NA810333:AB:chr2:810335	202	24	2	1	1	NA	0.106194690265487	AB
NA473025:AB:chr9:473027	171	21	2	1	1	NA	0.109375	AB
NA381473:AAAAAAAAB:chr10:381475	717	31	2	4	5	NA	0.0414438502673797	AAAAABBBB
NA124610:ABBBBBBB:chr15:124612	127	221	2	1	7	NA	0.635057471264368	ABBBBBBB
NA631250:AB:chr21:631252	174	24	2	1	1	NA	0.121212121212121	AB
NA989428:AAB:chr14:989430	142	84	2	1	2	NA	0.371681415929204	AAB
NA515337:AB:chr3:515339	148	29	2	1	1	NA	0.163841807909605	AB
NA592189:AAAAB:chr7:592191	196	72	2	1	4	NA	0.26865671641791	AAAAB
NA561730:AB:chr18:561732	131	74	2	1	1	NA	0.360975609756098	AB
NA379979:BBBBB:chr19:379981	93	182	2	0	5	NA	0.661818181818182	BBBBB
NA583516:AAB:chr16:583518	123	60	2	1	2	NA	0.327868852459016	AAB
NA633965:AB:chr13:633967	121	83	2	1	1	NA	0.406862745098039	AB
NA275112:ABBBB:chr20:275114	129	130	2	1	4	NA	0.501930501930502	ABBBB
NA55953:AB:chr4:55955	104	82	2	1	1	NA	0.440860215053763	AB
NA575915:AAAAB:chr1:575917	185	73	2	1	4	NA	0.282945736434109	AAAAB
NA519493:AB:chr6:519495	127	69	2	1	1	NA	0.352040816326531	AB
NA541781:BBBBBBBB:chr5:541783	74	242	2	0	8	NA	0.765822784810127	BBBBBBBB
NA287756:AAAAAB:chr8:287758	467	23	2	2	4	NA	0.0469387755102041	AAAABB
NA395215:BBBBB:chr22:395217	102	169	2	0	5	NA	0.623616236162362	BBBBB
NA291322:ABB:chr17:291324	104	114	2	1	2	NA	0.522935779816514	ABB
NA848047:AB:chr11:848049	178	31	2	1	1	NA	0.148325358851675	AB
NA659611:AAAAAB:chr12:659613	505	37	2	3	3	NA	0.0682656826568266	AAABBB
NA974013:BBBBBBBBB:chr2:974015	92	289	2	0	9	NA	0.758530183727034	BBBBBBBBB
NA417138:AAAAAAAAAB:chr9:417140	828	23	2	5	5	NA	0.027027027027027	AAAAABBBBB
NA207391:AB:chr10:207393	199	23	2	1	1	NA	0.103603603603604	AB
NA39621:AB:chr15:39623	114	98	2	1	1	NA	0.462264150943396	AB
NA582228:BB:chr21:582230	84	100	2	0	2	NA	0.543478260869565	BB
NA505193:AB:chr14:505195	176	37	2	1	1	NA	0.173708920187793	AB
NA869462:ABB:chr3:869464	119	95	2	1	2	NA	0.44392523364486	ABB
NA826686:AAAAB:chr7:826688	435	23	2	2	3	NA	0.0502183406113537	AAABB
NA858809:AB:chr18:858811	166	29	2	1	1	NA	0.148717948717949	AB
NA436671:AB:chr19:436673	180	24	2	1	1	NA	0.117647058823529	AB
NA143761:AAABB:chr16:143763	175	104	2	2	3	NA	0.372759856630824	AAABB
NA371256:BB:chr13:371258	87	106	2	0	2	NA	0.549222797927461	BB
NA760924:AAAAAB:chr20:760926	528	25	2	2	4	NA	0.0452079566003617	AAAABB
NA122228:AAB:chr4:122230	279	25	2	1	2	NA	0.0822368421052632	AAB
NA389691:ABB:chr1:389693	139	98	2	1	2	NA	0.413502109704641	ABB
NA553792:ABBBBBB:chr6:553794	122	216	2	1	6	NA	0.63905325443787	ABBBBBB
NA700396:AAAAAAAAB:chr5:700398	274	69	2	1	8	NA	0.201166180758017	AAAAAAAAB
NA206849:ABBBBB:chr8:206851	117	178	2	1	5	NA	0.603389830508475	ABBBBB
NA281520:AAAB:chr22:281522	344	14	2	2	2	NA	0.0391061452513966	AABB
NA103050:AB:chr17:103052	169	31	2	1	1	NA	0.155	AB
NA350808:B:chr11:350810	90	94	2	0	1	NA	0.510869565217391	B
NA323058:AAAAB:chr12:323060	388	22	2	2	3	NA	0.0536585365853659	AAABB
NA398889:AAAAAABB:chr2:398891	218	121	2	2	6	NA	0.35693215339233	AAAAAABB
NA762005:ABBBBBBBB:chr9:762007	127	282	2	1	8	NA	0.689486552567237	ABBBBBBBB
NA605572:AAAABBBB:chr10:605574	202	142	2	4	4	NA	0.412790697674419	AAAABBBB
NA140136:AB:chr15:140138	181	23	2	1	1	NA	0.112745098039216	AB
NA379710:AAAABBBB:chr21:379712	216	177	2	4	4	NA	0.450381679389313	AAAABBBB
NA778468:ABBBBBBB:chr14:778470	112	238	2	1	7	NA	0.68	ABBBBBBB
NA59127:AB:chr3:59129	158	25	2	1	1	NA	0.136612021857924	AB
NA643500:AAAAAB:chr7:643502	534	20	2	3	3	NA	0.036101083032491	AAABBB
NA57442:AAAAABB:chr18:57444	209	117	2	2	5	NA	0.358895705521472	AAAAABB
NA427718:AAAAB:chr19:427720	187	79	2	1	4	NA	0.296992481203008	AAAAB
NA592011:ABBB:chr16:592013	114	155	2	1	3	NA	0.576208178438662	ABBB
NA421879:AAAAAAB:chr13:421881	545	26	2	1	6	NA	0.0455341506129597	AAAAAAB
NA666254:AAAABBBB:chr20:666256	200	156	2	4	4	NA	0.438202247191011	AAAABBBB
NA712474:AAAB:chr4:712476	331	21	2	1	3	NA	0.0596590909090909	AAAB
NA867434:AAABBBB:chr1:867436	164	170	2	3	4	NA	0.508982035928144	AAABBBB
NA696499:ABBBBBBBB:chr6:696501	140	263	2	1	8	NA	0.652605459057072	ABBBBBBBB
NA343835:AB:chr5:343837	117	64	2	1	1	NA	0.353591160220994	AB
NA175634:AB:chr8:175636	107	78	2	1	1	NA	0.421621621621622	AB
NA757360:ABBBBBBB:chr22:757362	143	216	2	1	7	NA	0.601671309192201	ABBBBBBB
NA425171:AB:chr17:425173	205	39	2	1	1	NA	0.159836065573771	AB
NA836576:AB:chr11:836578	130	95	2	1	1	NA	0.422222222222222	AB
NA199712:AB:chr12:199714	126	73	2	1	1	NA	0.366834170854271	AB
NA975230:AAB:chr2:975232	134	74	2	1	2	NA	0.355769230769231	AAB
NA868873:B:chr9:868875	95	16	2	0	1	NA	0.144144144144144	B
NA577988:AAABBBBBB:chr10:577990	177	214	2	3	6	NA	0.547314578005115	AAABBBBBB
NA657237:AAAAB:chr15:657239	422	20	2	2	3	NA	0.0452488687782805	AAABB
NA20619:AAAAB:chr21:20621	419	25	2	2	3	NA	0.0563063063063063	AAABB
NA771857:B:chr14:771859	78	75	2	0	1	NA	0.490196078431373	B
NA913801:AAAB:chr3:913803	306	30	2	1	3	NA	0.0892857142857143	AAAB
NA470120:AB:chr7:470122	174	26	2	1	1	NA	0.13	AB
NA816472:BBBBBB:chr18:816474	97	203	2	0	6	NA	0.676666666666667	BBBBBB
NA628955:ABB:chr19:628957	114	88	2	1	2	NA	0.435643564356436	ABB
NA213538:ABBB:chr16:213540	118	126	2	1	3	NA	0.516393442622951	ABBB
NA398934:AAAAABBBBB:chr13:398936	203	184	2	5	5	NA	0.475452196382429	AAAAABBBBB
NA206431:AABBB:chr20:206433	146	139	2	2	3	NA	0.487719298245614	AABBB
NA17300:AB:chr4:17302	115	75	2	1	1	NA	0.394736842105263	AB
NA884145:AAABB:chr1:884147	173	123	2	2	3	NA	0.415540540540541	AAABB
NA602683:AB:chr6:602685	124	92	2	1	1	NA	0.425925925925926	AB
NA552038:AAB:chr5:552040	266	35	2	1	2	NA	0.116279069767442	AAB
NA509078:BBBB:chr8:509080	104	156	2	0	4	NA	0.6	BBBB
NA304887:AB:chr22:304889	114	83	2	1	1	NA	0.421319796954315	AB
NA980924:AB:chr17:980926	183	28	2	1	1	NA	0.132701421800948	AB
NA710530:AB:chr11:710532	137	84	2	1	1	NA	0.380090497737557	AB
NA10462:BBBBB:chr12:10464	91	193	2	0	5	NA	0.679577464788732	BBBBB
NA688500:ABBBBB:chr2:688502	117	184	2	1	5	NA	0.611295681063123	ABBBBB
NA971515:BBBB:chr9:971517	104	146	2	0	4	NA	0.584	BBBB
NA855213:AAAAB:chr10:855215	402	28	2	2	3	NA	0.0651162790697674	AAABB
NA863357:AAAB:chr15:863359	334	25	2	1	3	NA	0.0696378830083565	AAAB
NA181275:ABB:chr21:181277	120	94	2	1	2	NA	0.439252336448598	ABB
NA523240:AB:chr14:523242	120	77	2	1	1	NA	0.390862944162437	AB
NA393886:AAAAAAB:chr3:393888	559	17	2	2	5	NA	0.0295138888888889	AAAAABB
NA545277:ABBB:chr7:545279	121	125	2	1	3	NA	0.508130081300813	ABBB
NA701767:AB:chr18:701769	110	65	2	1	1	NA	0.371428571428571	AB
NA730661:AAAAB:chr19:730663	407	24	2	2	3	NA	0.0556844547563805	AAABB
NA864176:AB:chr16:864178	172	25	2	1	1	NA	0.126903553299492	AB
NA65803:AB:chr13:65805	109	77	2	1	1	NA	0.413978494623656	AB
NA641104:BBBBB:chr20:641106	83	185	2	0	5	NA	0.690298507462687	BBBBB
NA903178:BB:chr4:903180	102	106	2	0	2	NA	0.509615384615385	BB
NA639090:AB:chr1:639092	112	78	2	1	1	NA	0.410526315789474	AB
NA582685:ABBBB:chr6:582687	116	163	2	1	4	NA	0.584229390681004	ABBBB
NA623274:AAAAB:chr5:623276	413	17	2	1	4	NA	0.0395348837209302	AAAAB
NA74697:AB:chr8:74699	107	92	2	1	1	NA	0.462311557788945	AB
NA273622:AB:chr22:273624	186	19	2	1	1	NA	0.0926829268292683	AB
NA899972:BBBBB:chr17:899974	85	185	2	0	5	NA	0.685185185185185	BBBBB
NA814934:AAAAB:chr11:814936	415	17	2	1	4	NA	0.0393518518518519	AAAAB
NA471120:BBB:chr12:471122	99	121	2	0	3	NA	0.55	BBB
NA282949:AAB:chr2:282951	273	27	2	1	2	NA	0.09	AAB
NA115224:BBBB:chr9:115226	107	141	2	0	4	NA	0.568548387096774	BBBB
NA804082:ABBBBBBBB:chr10:804084	122	258	2	1	8	NA	0.678947368421053	ABBBBBBBB
NA756663:AB:chr15:756665	168	25	2	1	1	NA	0.129533678756477	AB
NA601774:AABBB:chr21:601776	155	131	2	2	3	NA	0.458041958041958	AABBB
NA318001:AAABBBB:chr14:318003	170	150	2	3	4	NA	0.46875	AAABBBB
NA715309:AAAAAAB:chr3:715311	610	29	2	3	4	NA	0.0453834115805947	AAAABBB
NA664894:AB:chr7:664896	178	19	2	1	1	NA	0.0964467005076142	AB
NA584702:AB:chr18:584704	123	69	2	1	1	NA	0.359375	AB
NA382460:BBBB:chr19:382462	82	157	2	0	4	NA	0.656903765690377	BBBB
NA352032:AB:chr16:352034	139	65	2	1	1	NA	0.318627450980392	AB
NA398930:AAB:chr13:398932	259	20	2	1	2	NA	0.0716845878136201	AAB
NA945251:AB:chr20:945253	128	75	2	1	1	NA	0.369458128078818	AB
NA39498:ABBB:chr4:39500	129	120	2	1	3	NA	0.481927710843373	ABBB
NA444330:AAAAB:chr1:444332	450	32	2	2	3	NA	0.0663900414937759	AAABB
NA325183:AAB:chr6:325185	271	27	2	1	2	NA	0.0906040268456376	AAB
NA955443:AB:chr5:955445	138	93	2	1	1	NA	0.402597402597403	AB
NA256753:AAAAAAB:chr8:256755	538	22	2	3	4	NA	0.0392857142857143	AAAABBB
NA37553:AB:chr22:37555	116	60	2	1	1	NA	0.340909090909091	AB
NA722582:AAAAAAB:chr17:722584	591	25	2	2	5	NA	0.0405844155844156	AAAAABB
NA223554:AABBB:chr11:223556	154	117	2	2	3	NA	0.431734317343173	AABBB
NA513196:AB:chr12:513198	193	31	2	1	1	NA	0.138392857142857	AB
NA409755:AB:chr2:409757	113	70	2	1	1	NA	0.382513661202186	AB
NA722153:AB:chr9:722155	164	26	2	1	1	NA	0.136842105263158	AB
NA623553:B:chr10:623555	87	84	2	0	1	NA	0.491228070175439	B
NA538296:AAAAAAAABB:chr15:538298	295	115	2	2	8	NA	0.280487804878049	AAAAAAAABB
NA242396:ABBBBBBBBB:chr21:242398	125	257	2	1	9	NA	0.672774869109948	ABBBBBBBBB
NA997510:AB:chr14:997512	124	71	2	1	1	NA	0.364102564102564	AB
NA269187:AB:chr3:269189	114	78	2	1	1	NA	0.40625	AB
NA921819:AAAB:chr7:921821	342	31	2	1	3	NA	0.0831099195710456	AAAB
NA421910:AAAAAAAB:chr18:421912	679	16	2	1	7	NA	0.023021582733813	AAAAAAAB
NA411988:AAB:chr19:411990	254	26	2	1	2	NA	0.0928571428571429	AAB
NA651919:BBBBBBB:chr16:651921	95	227	2	0	7	NA	0.704968944099379	BBBBBBB
NA766431:AAAAAAAAB:chr13:766433	712	23	2	4	5	NA	0.0312925170068027	AAAAABBBB
NA112392:AB:chr20:112394	134	86	2	1	1	NA	0.390909090909091	AB
NA787960:AB:chr4:787962	116	79	2	1	1	NA	0.405128205128205	AB
NA644205:AB:chr1:644207	92	78	2	1	1	NA	0.458823529411765	AB
NA58494:AB:chr6:58496	119	85	2	1	1	NA	0.416666666666667	AB
NA427609:AB:chr5:427611	193	22	2	1	1	NA	0.102325581395349	AB
NA492697:AB:chr8:492699	196	28	2	1	1	NA	0.125	AB
NA841919:AB:chr22:841921	176	27	2	1	1	NA	0.133004926108374	AB
NA534782:AB:chr17:534784	126	82	2	1	1	NA	0.394230769230769	AB
NA13638:AAAAAB:chr11:13640	251	73	2	1	5	NA	0.225308641975309	AAAAAB
NA725767:AB:chr12:725769	120	78	2	1	1	NA	0.393939393939394	AB
NA942171:AB:chr2:942173	143	81	2	1	1	NA	0.361607142857143	AB
NA893934:AAAAAABB:chr9:893936	262	122	2	2	6	NA	0.317708333333333	AAAAAABB
NA668306:ABBB:chr10:668308	127	128	2	1	3	NA	0.501960784313725	ABBB
NA391197:AAAB:chr15:391199	332	38	2	1	3	NA	0.102702702702703	AAAB
NA271114:AB:chr21:271116	111	70	2	1	1	NA	0.386740331491713	AB
NA924478:AB:chr14:924480	182	32	2	1	1	NA	0.149532710280374	AB
NA831399:AB:chr3:831401	102	73	2	1	1	NA	0.417142857142857	AB
NA399431:AABBBB:chr7:399433	140	159	2	2	4	NA	0.531772575250836	AABBBB
NA41406:AB:chr18:41408	160	23	2	1	1	NA	0.12568306010929	AB
NA267994:AB:chr19:267996	123	87	2	1	1	NA	0.414285714285714	AB
NA985774:AAAAAB:chr16:985776	476	24	2	1	5	NA	0.048	AAAAAB
NA371901:AABBB:chr13:371903	137	139	2	2	3	NA	0.503623188405797	AABBB
NA730845:ABBB:chr20:730847	125	148	2	1	3	NA	0.542124542124542	ABBB
NA242688:AAAAAAB:chr4:242690	577	23	2	3	4	NA	0.0383333333333333	AAAABBB
NA764640:AAAAAAAB:chr1:764642	312	64	2	1	7	NA	0.170212765957447	AAAAAAAB
NA311196:AB:chr6:311198	126	84	2	1	1	NA	0.4	AB
NA274525:AAAAAAAB:chr5:274527	600	28	2	3	5	NA	0.0445859872611465	AAAAABBB
NA574112:AB:chr8:574114	135	83	2	1	1	NA	0.380733944954128	AB
NA699340:AAAAB:chr22:699342	386	36	2	2	3	NA	0.0853080568720379	AAABB
NA592053:AB:chr17:592055	124	77	2	1	1	NA	0.383084577114428	AB
NA571330:AB:chr11:571332	133	73	2	1	1	NA	0.354368932038835	AB
NA557873:AB:chr12:557875	118	72	2	1	1	NA	0.378947368421053	AB
NA905494:AAAABBB:chr2:905496	179	171	2	3	4	NA	0.488571428571429	AAAABBB
NA140996:AB:chr9:140998	152	20	2	1	1	NA	0.116279069767442	AB
NA591402:ABBBB:chr10:591404	122	169	2	1	4	NA	0.580756013745705	ABBBB
NA47412:ABB:chr15:47414	113	112	2	1	2	NA	0.497777777777778	ABB
NA96043:AB:chr21:96045	135	75	2	1	1	NA	0.357142857142857	AB
NA414134:AAAAAABBB:chr14:414136	234	106	2	3	6	NA	0.311764705882353	AAAAAABBB
NA969911:AAAAAB:chr3:969913	499	28	2	3	3	NA	0.0531309297912713	AAABBB
NA447028:AAAABBB:chr7:447030	205	149	2	3	4	NA	0.42090395480226	AAAABBB
NA326584:AAAAAB:chr18:326586	549	17	2	3	3	NA	0.0300353356890459	AAABBB
NA311520:AB:chr19:311522	118	83	2	1	1	NA	0.412935323383085	AB
NA221692:AB:chr16:221694	120	63	2	1	1	NA	0.344262295081967	AB
NA640450:AAAAAAB:chr13:640452	542	33	2	1	6	NA	0.0573913043478261	AAAAAAB
NA852914:AB:chr20:852916	124	103	2	1	1	NA	0.45374449339207	AB
NA55175:AB:chr4:55177	116	83	2	1	1	NA	0.417085427135678	AB
NA593170:ABBBB:chr1:593172	97	163	2	1	4	NA	0.626923076923077	ABBBB
NA210419:AB:chr6:210421	123	74	2	1	1	NA	0.375634517766497	AB
NA81430:AB:chr5:81432	96	69	2	1	1	NA	0.418181818181818	AB
NA388791:AB:chr8:388793	132	83	2	1	1	NA	0.386046511627907	AB
NA255042:AB:chr22:255044	168	22	2	1	1	NA	0.115789473684211	AB
NA154521:AB:chr17:154523	120	91	2	1	1	NA	0.431279620853081	AB
NA589641:AB:chr11:589643	180	26	2	1	1	NA	0.12621359223301	AB
NA42160:BBBB:chr12:42162	92	151	2	0	4	NA	0.621399176954732	BBBB
NA635721:BBBB:chr2:635723	85	155	2	0	4	NA	0.645833333333333	BBBB
NA819232:AAAAB:chr9:819234	205	65	2	1	4	NA	0.240740740740741	AAAAB
NA616015:AB:chr10:616017	103	71	2	1	1	NA	0.408045977011494	AB
NA941703:BBBB:chr15:941705	91	176	2	0	4	NA	0.659176029962547	BBBB
NA716995:AAAAB:chr21:716997	409	33	2	2	3	NA	0.0746606334841629	AAABB
NA274859:AAABBBBB:chr14:274861	180	186	2	3	5	NA	0.508196721311475	AAABBBBB
NA262141:AAAAAAB:chr3:262143	543	23	2	2	5	NA	0.0406360424028269	AAAAABB
NA838775:AAAABBB:chr7:838777	221	144	2	3	4	NA	0.394520547945205	AAAABBB
NA450481:AAB:chr18:450483	112	78	2	1	2	NA	0.410526315789474	AAB
NA817036:AB:chr19:817038	118	78	2	1	1	NA	0.397959183673469	AB
NA12687:AAABB:chr16:12689	146	93	2	2	3	NA	0.389121338912134	AAABB
NA807373:AB:chr13:807375	121	76	2	1	1	NA	0.385786802030457	AB
NA334001:AABBB:chr20:334003	126	75	2	2	3	NA	0.373134328358209	AABBB
NA82953:AB:chr4:82955	188	4	2	1	1	NA	0.0208333333333333	AB
NA352679:AAAAABBB:chr1:352681	123	94	2	3	5	NA	0.433179723502304	AAAAABBB
NA849302:ABB:chr6:849304	121	78	2	1	2	NA	0.391959798994975	ABB
NA858094:AAAAB:chr5:858096	96	84	2	1	4	NA	0.466666666666667	AAAAB
NA355426:AB:chr8:355428	120	87	2	1	1	NA	0.420289855072464	AB
NA259750:AB:chr22:259752	135	75	2	1	1	NA	0.357142857142857	AB
NA140800:AAB:chr17:140802	128	88	2	1	2	NA	0.407407407407407	AAB
NA659995:BB:chr11:659997	141	75	2	0	2	NA	0.347222222222222	BB
NA933957:AAABBBB:chr12:933959	136	76	2	3	4	NA	0.358490566037736	AAABBBB
NA16617:AB:chr2:16619	109	65	2	1	1	NA	0.373563218390805	AB
NA551241:AB:chr9:551243	122	93	2	1	1	NA	0.432558139534884	AB
NA963405:AABB:chr10:963407	129	84	2	2	2	NA	0.394366197183099	AABB
NA649924:AAAAAABB:chr15:649926	135	79	2	2	6	NA	0.369158878504673	AAAAAABB
NA787887:BBBBBBBBB:chr21:787889	104	116	2	0	9	NA	0.527272727272727	BBBBBBBBB
NA626272:ABBBB:chr14:626274	103	98	2	1	4	NA	0.487562189054726	ABBBB
NA410580:AAAB:chr3:410582	143	70	2	1	3	NA	0.328638497652582	AAAB
NA20918:AB:chr7:20920	120	69	2	1	1	NA	0.365079365079365	AB
NA618520:BBBBBBBB:chr18:618522	117	104	2	0	8	NA	0.470588235294118	BBBBBBBB
NA312770:AABB:chr19:312772	121	92	2	2	2	NA	0.431924882629108	AABB
NA433936:AAAAAB:chr16:433938	567	3	2	2	4	NA	0.00526315789473684	AAAABB
NA528794:AAAB:chr13:528796	368	2	2	2	2	NA	0.00540540540540541	AABB
NA394545:AB:chr20:394547	108	78	2	1	1	NA	0.419354838709677	AB
NA387589:AABB:chr4:387591	139	84	2	2	2	NA	0.376681614349776	AABB
NA626986:AB:chr1:626988	120	76	2	1	1	NA	0.387755102040816	AB
NA640009:ABBBBB:chr6:640011	122	90	2	1	5	NA	0.424528301886792	ABBBBB
NA765673:BB:chr5:765675	147	103	2	0	2	NA	0.412	BB
NA144001:AB:chr8:144003	128	73	2	1	1	NA	0.36318407960199	AB
NA514717:B:chr22:514719	92	3	2	0	1	NA	0.0315789473684211	B
NA505166:AABBB:chr17:505168	127	87	2	2	3	NA	0.406542056074766	AABBB
NA485864:AB:chr11:485866	132	103	2	1	1	NA	0.438297872340426	AB
NA904588:AAB:chr12:904590	264	2	2	1	2	NA	0.0075187969924812	AAB
NA382799:BBB:chr2:382801	108	80	2	0	3	NA	0.425531914893617	BBB
NA904783:AAB:chr9:904785	270	2	2	1	2	NA	0.00735294117647059	AAB
NA84065:BBBBB:chr10:84067	135	112	2	0	5	NA	0.453441295546559	BBBBB
NA809868:AAAAAAB:chr15:809870	134	67	2	1	6	NA	0.333333333333333	AAAAAAB
NA825121:AB:chr21:825123	110	88	2	1	1	NA	0.444444444444444	AB
NA52235:AB:chr14:52237	99	84	2	1	1	NA	0.459016393442623	AB
NA407855:AB:chr3:407857	202	3	2	1	1	NA	0.0146341463414634	AB
NA186294:AB:chr7:186296	195	3	2	1	1	NA	0.0151515151515152	AB
NA982689:AB:chr18:982691	107	90	2	1	1	NA	0.456852791878173	AB
NA527544:AAABBB:chr19:527546	130	100	2	3	3	NA	0.434782608695652	AAABBB
NA402104:AB:chr16:402106	190	6	2	1	1	NA	0.0306122448979592	AB
NA704269:AAAAAAB:chr13:704271	570	4	2	3	4	NA	0.00696864111498258	AAAABBB
NA820347:BBBBB:chr20:820349	121	100	2	0	5	NA	0.452488687782805	BBBBB
NA206766:AAB:chr4:206768	271	5	2	1	2	NA	0.0181159420289855	AAB
NA805440:ABBBB:chr1:805442	113	94	2	1	4	NA	0.454106280193237	ABBBB
NA756677:AB:chr6:756679	96	81	2	1	1	NA	0.457627118644068	AB
NA569831:AAAABB:chr5:569833	128	87	2	2	4	NA	0.404651162790698	AAAABB
NA819036:ABBBBBBBBB:chr8:819038	120	116	2	1	9	NA	0.491525423728814	ABBBBBBBBB
NA962327:AB:chr22:962329	197	3	2	1	1	NA	0.015	AB
NA303411:BBBBBB:chr17:303413	102	95	2	0	6	NA	0.482233502538071	BBBBBB
NA407054:AABB:chr11:407056	114	90	2	2	2	NA	0.441176470588235	AABB
NA210768:B:chr12:210770	101	73	2	0	1	NA	0.419540229885057	B
NA281288:AB:chr2:281290	113	95	2	1	1	NA	0.456730769230769	AB
NA822227:AB:chr9:822229	189	6	2	1	1	NA	0.0307692307692308	AB
NA891996:AAAAAABB:chr10:891998	135	79	2	2	6	NA	0.369158878504673	AAAAAABB
NA434612:AB:chr15:434614	126	72	2	1	1	NA	0.363636363636364	AB
NA716508:AB:chr21:716510	120	77	2	1	1	NA	0.390862944162437	AB
NA650236:ABBBBBB:chr14:650238	125	101	2	1	6	NA	0.446902654867257	ABBBBBB
NA360945:AB:chr3:360947	111	81	2	1	1	NA	0.421875	AB
NA41686:AB:chr7:41688	181	2	2	1	1	NA	0.0109289617486339	AB
NA654789:AABBBBB:chr18:654791	134	109	2	2	5	NA	0.448559670781893	AABBBBB
NA240846:AB:chr19:240848	145	79	2	1	1	NA	0.352678571428571	AB
NA413002:BBB:chr16:413004	109	81	2	0	3	NA	0.426315789473684	BBB
NA812260:AB:chr13:812262	185	3	2	1	1	NA	0.0159574468085106	AB
NA914232:AAAAAB:chr20:914234	494	4	2	1	5	NA	0.00803212851405622	AAAAAB
NA871174:AB:chr4:871176	135	73	2	1	1	NA	0.350961538461538	AB
NA874472:AAAABB:chr1:874474	137	96	2	2	4	NA	0.412017167381974	AAAABB
NA102318:AB:chr6:102320	198	5	2	1	1	NA	0.0246305418719212	AB
NA368885:ABBBB:chr5:368887	128	84	2	1	4	NA	0.39622641509434	ABBBB
NA182302:AAAB:chr8:182304	346	2	2	1	3	NA	0.00574712643678161	AAAB
NA400016:BBBBBB:chr22:400018	105	91	2	0	6	NA	0.464285714285714	BBBBBB
NA964731:AB:chr17:964733	130	85	2	1	1	NA	0.395348837209302	AB
NA584366:AABBBBBBB:chr11:584368	131	95	2	2	7	NA	0.420353982300885	AABBBBBBB
NA947627:AAAAAB:chr12:947629	135	87	2	1	5	NA	0.391891891891892	AAAAAB
NA876625:AB:chr2:876627	105	84	2	1	1	NA	0.444444444444444	AB
NA25108:AB:chr9:25110	119	74	2	1	1	NA	0.383419689119171	AB
NA989925:ABBBBB:chr10:989927	132	101	2	1	5	NA	0.433476394849785	ABBBBB
NA346402:AAB:chr15:346404	117	70	2	1	2	NA	0.374331550802139	AAB
NA93423:AB:chr21:93425	213	3	2	1	1	NA	0.0138888888888889	AB
NA47686:AAAAB:chr14:47688	425	6	2	1	4	NA	0.0139211136890951	AAAAB
NA473752:BBB:chr3:473754	114	93	2	0	3	NA	0.449275362318841	BBB
NA191408:AB:chr7:191410	131	80	2	1	1	NA	0.37914691943128	AB
NA395933:AABBBBBB:chr18:395935	111	97	2	2	6	NA	0.466346153846154	AABBBBBB
NA279314:AAABB:chr19:279316	150	100	2	2	3	NA	0.4	AAABB
NA547722:AAAAAB:chr16:547724	504	7	2	2	4	NA	0.0136986301369863	AAAABB
NA746573:AABBBB:chr13:746575	123	100	2	2	4	NA	0.448430493273543	AABBBB
NA108673:AABBB:chr20:108675	137	86	2	2	3	NA	0.385650224215247	AABBB
NA430740:B:chr4:430742	128	99	2	0	1	NA	0.436123348017621	B
NA344687:B:chr1:344689	122	4	2	0	1	NA	0.0317460317460317	B
NA651849:AAAAAAAAAB:chr6:651851	845	7	2	3	7	NA	0.00821596244131455	AAAAAAABBB
NA894224:AB:chr5:894226	190	4	2	1	1	NA	0.0206185567010309	AB
NA346622:AB:chr8:346624	190	3	2	1	1	NA	0.0155440414507772	AB
NA526309:AB:chr22:526311	124	77	2	1	1	NA	0.383084577114428	AB
NA657046:ABBBBB:chr17:657048	113	97	2	1	5	NA	0.461904761904762	ABBBBB
NA32305:AB:chr11:32307	187	7	2	1	1	NA	0.0360824742268041	AB
NA881222:AB:chr12:881224	99	70	2	1	1	NA	0.414201183431953	AB
NA243104:AAAAB:chr2:243106	427	5	2	2	3	NA	0.0115740740740741	AAABB
NA777550:AB:chr9:777552	213	4	2	1	1	NA	0.0184331797235023	AB
NA128521:AAAAAAAAB:chr10:128523	725	6	2	2	7	NA	0.00820793433652531	AAAAAAABB
NA745140:ABB:chr15:745142	98	85	2	1	2	NA	0.46448087431694	ABB
NA118476:AB:chr21:118478	178	0	2	1	1	NA	0	AB
NA143026:AB:chr14:143028	208	4	2	1	1	NA	0.0188679245283019	AB
NA637473:BB:chr3:637475	111	85	2	0	2	NA	0.433673469387755	BB
NA508005:AB:chr7:508007	131	84	2	1	1	NA	0.390697674418605	AB
NA519905:AB:chr18:519907	116	67	2	1	1	NA	0.366120218579235	AB
NA35178:AB:chr19:35180	120	75	2	1	1	NA	0.384615384615385	AB
NA728141:AB:chr16:728143	114	82	2	1	1	NA	0.418367346938776	AB
NA603891:BBB:chr13:603893	126	77	2	0	3	NA	0.379310344827586	BBB
NA904164:AB:chr20:904166	194	2	2	1	1	NA	0.0102040816326531	AB
NA549596:BBBB:chr4:549598	142	89	2	0	4	NA	0.385281385281385	BBBB
NA898194:AAAAAAB:chr1:898196	595	5	2	1	6	NA	0.00833333333333333	AAAAAAB
NA880954:AB:chr6:880956	114	84	2	1	1	NA	0.424242424242424	AB
NA704206:AB:chr5:704208	120	82	2	1	1	NA	0.405940594059406	AB
NA224200:AB:chr8:224202	85	62	2	1	1	NA	0.421768707482993	AB
NA76615:AB:chr22:76617	98	62	2	1	1	NA	0.3875	AB
NA766806:AB:chr17:766808	111	79	2	1	1	NA	0.415789473684211	AB
NA434202:BBBBBB:chr11:434204	141	102	2	0	6	NA	0.419753086419753	BBBBBB
NA645003:AB:chr12:645005	115	72	2	1	1	NA	0.385026737967914	AB
NA753260:B:chr2:753262	109	1	2	0	1	NA	0.00909090909090909	B
NA816895:BBB:chr9:816897	128	104	2	0	3	NA	0.448275862068966	BBB
NA483616:AB:chr10:483618	243	4	2	1	1	NA	0.0161943319838057	AB
NA978092:AABB:chr15:978094	117	72	2	2	2	NA	0.380952380952381	AABB
NA873192:AAAAAB:chr21:873194	157	103	2	1	5	NA	0.396153846153846	AAAAAB
NA681137:AB:chr14:681139	132	98	2	1	1	NA	0.426086956521739	AB
NA76756:B:chr3:76758	115	76	2	0	1	NA	0.397905759162304	B
NA163803:AAAABBB:chr7:163805	119	87	2	3	4	NA	0.422330097087379	AAAABBB
NA682865:AB:chr18:682867	144	78	2	1	1	NA	0.351351351351351	AB
NA363089:AB:chr19:363091	131	94	2	1	1	NA	0.417777777777778	AB
NA262697:ABB:chr16:262699	113	69	2	1	2	NA	0.379120879120879	ABB
NA762114:AB:chr13:762116	102	76	2	1	1	NA	0.426966292134831	AB
NA786566:ABBB:chr20:786568	113	92	2	1	3	NA	0.448780487804878	ABBB
NA527670:AB:chr4:527672	117	86	2	1	1	NA	0.423645320197044	AB
NA472769:ABBBBB:chr1:472771	118	93	2	1	5	NA	0.440758293838863	ABBBBB
NA873761:AAAAB:chr6:873763	457	1	2	2	3	NA	0.00218340611353712	AAABB
NA351454:BBBBBB:chr5:351456	121	91	2	0	6	NA	0.429245283018868	BBBBBB
NA153097:AAAB:chr8:153099	129	68	2	1	3	NA	0.345177664974619	AAAB
NA125613:AAAB:chr22:125615	358	3	2	2	2	NA	0.00831024930747922	AABB
NA830937:AAAAB:chr17:830939	465	10	2	2	3	NA	0.0210526315789474	AAABB
NA370095:AB:chr11:370097	132	92	2	1	1	NA	0.410714285714286	AB
NA540364:BBBBBB:chr12:540366	120	101	2	0	6	NA	0.457013574660633	BBBBBB
NA992752:BBBBBB:chr2:992754	131	105	2	0	6	NA	0.444915254237288	BBBBBB
NA25739:AAB:chr9:25741	291	1	2	1	2	NA	0.00342465753424658	AAB
NA576143:AB:chr10:576145	120	95	2	1	1	NA	0.441860465116279	AB
NA876536:AAAAAB:chr15:876538	480	5	2	2	4	NA	0.0103092783505155	AAAABB
NA959440:ABBBB:chr21:959442	132	98	2	1	4	NA	0.426086956521739	ABBBB
NA308570:AB:chr14:308572	201	4	2	1	1	NA	0.0195121951219512	AB
NA768918:AAAB:chr3:768920	121	78	2	1	3	NA	0.391959798994975	AAAB
NA995495:AB:chr7:995497	116	92	2	1	1	NA	0.442307692307692	AB
NA716939:AB:chr18:716941	111	84	2	1	1	NA	0.430769230769231	AB
NA603654:AB:chr19:603656	121	96	2	1	1	NA	0.442396313364055	AB
NA633378:ABB:chr16:633380	111	92	2	1	2	NA	0.45320197044335	ABB
NA503071:AAAAABB:chr13:503073	150	99	2	2	5	NA	0.397590361445783	AAAAABB
NA402371:AAAAB:chr20:402373	138	70	2	1	4	NA	0.336538461538462	AAAAB
NA845145:AB:chr4:845147	114	77	2	1	1	NA	0.403141361256544	AB
NA47719:BBBB:chr1:47721	127	96	2	0	4	NA	0.430493273542601	BBBB
NA293195:AAAAB:chr6:293197	142	79	2	1	4	NA	0.357466063348416	AAAAB
NA277240:AB:chr5:277242	203	2	2	1	1	NA	0.00975609756097561	AB
NA656066:AB:chr8:656068	107	87	2	1	1	NA	0.448453608247423	AB
NA559659:AB:chr22:559661	217	4	2	1	1	NA	0.0180995475113122	AB
NA631690:B:chr17:631692	143	81	2	0	1	NA	0.361607142857143	B
NA240109:AAAAAAAAB:chr11:240111	140	79	2	1	8	NA	0.360730593607306	AAAAAAAAB
NA339938:AAAAAB:chr12:339940	514	3	2	2	4	NA	0.00580270793036751	AAAABB
NA235192:AAAB:chr2:235194	133	77	2	1	3	NA	0.366666666666667	AAAB
NA270931:AAAAAAAB:chr9:270933	146	86	2	1	7	NA	0.370689655172414	AAAAAAAB
NA622608:AAAAAB:chr10:622610	511	4	2	2	4	NA	0.00776699029126214	AAAABB
NA756758:ABB:chr15:756760	115	86	2	1	2	NA	0.427860696517413	ABB
NA250409:AAAAABBB:chr21:250411	124	97	2	3	5	NA	0.438914027149321	AAAAABBB
NA776397:AB:chr14:776399	208	3	2	1	1	NA	0.014218009478673	AB
NA464947:AAAAB:chr3:464949	418	1	2	2	3	NA	0.00238663484486874	AAABB
NA847414:AAAAABBB:chr7:847416	153	92	2	3	5	NA	0.375510204081633	AAAAABBB
NA952091:BB:chr18:952093	119	85	2	0	2	NA	0.416666666666667	BB
NA429116:AAAAAAABB:chr19:429118	142	80	2	2	7	NA	0.36036036036036	AAAAAAABB
NA803676:AAAB:chr16:803678	376	1	2	1	3	NA	0.0026525198938992	AAAB
NA105488:AB:chr13:105490	142	72	2	1	1	NA	0.336448598130841	AB
NA870424:AB:chr20:870426	117	93	2	1	1	NA	0.442857142857143	AB
NA346386:AABBBBBBB:chr4:346388	111	86	2	2	7	NA	0.436548223350254	AABBBBBBB
NA160196:AABB:chr1:160198	117	95	2	2	2	NA	0.44811320754717	AABB
NA723551:AABB:chr6:723553	145	78	2	2	2	NA	0.349775784753363	AABB
NA410428:AB:chr5:410430	111	84	2	1	1	NA	0.430769230769231	AB
NA587955:BBBBB:chr8:587957	132	103	2	0	5	NA	0.438297872340426	BBBBB
NA66511:AABBBB:chr22:66513	98	80	2	2	4	NA	0.449438202247191	AABBBB
NA578993:AABB:chr17:578995	117	90	2	2	2	NA	0.434782608695652	AABB
NA505721:B:chr11:505723	109	91	2	0	1	NA	0.455	B
NA881400:AB:chr12:881402	121	72	2	1	1	NA	0.373056994818653	AB
NA431572:AAAAAB:chr2:431574	462	18	2	3	3	NA	0.0375	AAABBB
NA167803:AAAAB:chr9:167805	144	88	2	1	4	NA	0.379310344827586	AAAAB
NA356621:AAAAAAAAB:chr10:356623	748	24	2	4	5	NA	0.0310880829015544	AAAAABBBB
NA382594:AB:chr15:382596	139	76	2	1	1	NA	0.353488372093023	AB
NA785257:BBBB:chr21:785259	128	118	2	0	4	NA	0.479674796747967	BBBB
NA897758:AABBB:chr14:897760	110	102	2	2	3	NA	0.481132075471698	AABBB
NA828038:AB:chr3:828040	201	14	2	1	1	NA	0.0651162790697674	AB
NA308369:AB:chr7:308371	203	11	2	1	1	NA	0.0514018691588785	AB
NA778872:AAAAB:chr18:778874	451	17	2	2	3	NA	0.0363247863247863	AAABB
NA564273:AAB:chr19:564275	275	14	2	1	2	NA	0.0484429065743945	AAB
NA603510:AB:chr16:603512	109	71	2	1	1	NA	0.394444444444444	AB
NA571102:BBBBBBB:chr13:571104	103	183	2	0	7	NA	0.63986013986014	BBBBBBB
NA700769:AB:chr20:700771	115	76	2	1	1	NA	0.397905759162304	AB
NA448096:AAABB:chr4:448098	156	95	2	2	3	NA	0.378486055776892	AAABB
NA23762:AB:chr1:23764	117	59	2	1	1	NA	0.335227272727273	AB
NA659610:AAAB:chr6:659612	344	14	2	1	3	NA	0.0391061452513966	AAAB
NA269516:B:chr5:269518	89	77	2	0	1	NA	0.463855421686747	B
NA428698:AAAB:chr8:428700	318	22	2	2	2	NA	0.0647058823529412	AABB
NA480071:AB:chr22:480073	202	11	2	1	1	NA	0.0516431924882629	AB
NA749330:AB:chr17:749332	122	82	2	1	1	NA	0.401960784313726	AB
NA102745:AAB:chr11:102747	130	70	2	1	2	NA	0.35	AAB
NA434803:ABB:chr12:434805	130	105	2	1	2	NA	0.446808510638298	ABB
NA385850:AB:chr2:385852	197	18	2	1	1	NA	0.0837209302325581	AB
NA657390:AAB:chr9:657392	133	67	2	1	2	NA	0.335	AAB
NA622456:BBB:chr10:622458	118	128	2	0	3	NA	0.520325203252033	BBB
NA788481:AB:chr15:788483	101	85	2	1	1	NA	0.456989247311828	AB
NA64425:ABBBB:chr21:64427	151	121	2	1	4	NA	0.444852941176471	ABBBB
NA759588:AAB:chr14:759590	117	72	2	1	2	NA	0.380952380952381	AAB
NA928506:AAAAAAAAB:chr3:928508	761	12	2	2	7	NA	0.0155239327296248	AAAAAAABB
NA714895:AB:chr7:714897	191	9	2	1	1	NA	0.045	AB
NA446221:AB:chr18:446223	176	11	2	1	1	NA	0.0588235294117647	AB
NA478937:BBBB:chr19:478939	97	148	2	0	4	NA	0.604081632653061	BBBB
NA771802:AAABBBBBB:chr16:771804	184	164	2	3	6	NA	0.471264367816092	AAABBBBBB
NA242046:BBBBB:chr13:242048	108	145	2	0	5	NA	0.573122529644269	BBBBB
NA664707:AAABB:chr20:664709	149	82	2	2	3	NA	0.354978354978355	AAABB
NA410930:AB:chr4:410932	116	92	2	1	1	NA	0.442307692307692	AB
NA145875:BB:chr1:145877	117	106	2	0	2	NA	0.475336322869955	BB
NA469762:AB:chr6:469764	176	18	2	1	1	NA	0.0927835051546392	AB
NA640246:AAAAAABB:chr5:640248	195	106	2	2	6	NA	0.352159468438538	AAAAAABB
NA542136:AABBBBBB:chr8:542138	153	170	2	2	6	NA	0.526315789473684	AABBBBBB
NA367744:BB:chr22:367746	102	101	2	0	2	NA	0.497536945812808	BB
NA230437:AAAB:chr17:230439	365	15	2	1	3	NA	0.0394736842105263	AAAB
NA782270:AAAAAAABB:chr11:782272	176	105	2	2	7	NA	0.373665480427046	AAAAAAABB
NA953280:AAAAB:chr12:953282	164	82	2	1	4	NA	0.333333333333333	AAAAB
NA405810:AABBB:chr2:405812	133	95	2	2	3	NA	0.416666666666667	AABBB
NA25328:AAAAABBB:chr9:25330	174	96	2	3	5	NA	0.355555555555556	AAAAABBB
NA516058:ABBBB:chr10:516060	125	113	2	1	4	NA	0.474789915966387	ABBBB
NA792820:BBBBB:chr15:792822	110	152	2	0	5	NA	0.580152671755725	BBBBB
NA602365:AB:chr21:602367	124	86	2	1	1	NA	0.40952380952381	AB
NA493394:AB:chr14:493396	206	15	2	1	1	NA	0.0678733031674208	AB
NA99490:AAAAB:chr3:99492	455	6	2	1	4	NA	0.0130151843817787	AAAAB
NA641340:AB:chr7:641342	111	66	2	1	1	NA	0.372881355932203	AB
NA59201:AB:chr18:59203	191	14	2	1	1	NA	0.0682926829268293	AB
NA756808:AAAAAAAAAAB:chr19:756810	938	13	2	3	8	NA	0.0136698212407992	AAAAAAAABBB
NA639144:AB:chr16:639146	182	12	2	1	1	NA	0.0618556701030928	AB
NA781036:AAAB:chr13:781038	137	86	2	1	3	NA	0.385650224215247	AAAB
NA119225:ABBBBB:chr20:119227	124	124	2	1	5	NA	0.5	ABBBBB
NA417206:AB:chr4:417208	127	85	2	1	1	NA	0.400943396226415	AB
NA197850:BBBBBB:chr1:197852	98	147	2	0	6	NA	0.6	BBBBBB
NA776790:AB:chr6:776792	127	92	2	1	1	NA	0.420091324200913	AB
NA248882:BBBBBBB:chr5:248884	105	161	2	0	7	NA	0.605263157894737	BBBBBBB
NA898733:AB:chr8:898735	118	85	2	1	1	NA	0.41871921182266	AB
NA261617:ABBBBB:chr22:261619	125	166	2	1	5	NA	0.570446735395189	ABBBBB
NA110841:AAAAABB:chr17:110843	172	92	2	2	5	NA	0.348484848484849	AAAAABB
NA408177:AB:chr11:408179	132	104	2	1	1	NA	0.440677966101695	AB
NA238364:AAAAAB:chr12:238366	517	13	2	2	4	NA	0.0245283018867925	AAAABB
NA713166:AB:chr2:713168	215	9	2	1	1	NA	0.0401785714285714	AB
NA15160:AB:chr9:15162	170	12	2	1	1	NA	0.0659340659340659	AB
NA738593:AB:chr10:738595	184	11	2	1	1	NA	0.0564102564102564	AB
NA71571:AAAAAAAAAAB:chr15:71573	878	13	2	5	6	NA	0.0145903479236813	AAAAAABBBBB
NA513857:AB:chr21:513859	185	20	2	1	1	NA	0.0975609756097561	AB
NA862368:ABBBBBB:chr14:862370	99	160	2	1	6	NA	0.617760617760618	ABBBBBB
NA179874:AAAAAB:chr3:179876	493	14	2	2	4	NA	0.0276134122287968	AAAABB
NA707910:AAABBBB:chr7:707912	161	134	2	3	4	NA	0.454237288135593	AAABBBB
NA188308:AAAAABBBB:chr18:188310	197	129	2	4	5	NA	0.395705521472393	AAAAABBBB
NA753689:AB:chr19:753691	98	72	2	1	1	NA	0.423529411764706	AB
NA165665:BBBB:chr16:165667	89	119	2	0	4	NA	0.572115384615385	BBBB
NA253578:B:chr13:253580	131	87	2	0	1	NA	0.399082568807339	B
NA782514:AAAAAB:chr20:782516	533	19	2	2	4	NA	0.0344202898550725	AAAABB
NA60943:AAAAAAAAAB:chr4:60945	774	19	2	3	7	NA	0.0239596469104666	AAAAAAABBB
NA225418:BBBBBB:chr1:225420	115	142	2	0	6	NA	0.552529182879377	BBBBBB
NA954824:AB:chr6:954826	104	81	2	1	1	NA	0.437837837837838	AB
NA383046:AABB:chr5:383048	129	97	2	2	2	NA	0.429203539823009	AABB
NA177708:AAB:chr8:177710	147	76	2	1	2	NA	0.340807174887892	AAB
NA962427:AB:chr22:962429	124	81	2	1	1	NA	0.395121951219512	AB
NA826552:AB:chr17:826554	102	81	2	1	1	NA	0.442622950819672	AB
NA398583:ABBBBB:chr11:398585	123	120	2	1	5	NA	0.493827160493827	ABBBBB
NA165195:AB:chr12:165197	152	84	2	1	1	NA	0.355932203389831	AB
NA975843:AB:chr2:975845	121	86	2	1	1	NA	0.415458937198068	AB
NA88903:BBBBBB:chr9:88905	100	131	2	0	6	NA	0.567099567099567	BBBBBB
NA610992:AAAAAAAB:chr10:610994	612	16	2	4	4	NA	0.0254777070063694	AAAABBBB
NA365891:BBB:chr15:365893	114	110	2	0	3	NA	0.491071428571429	BBB
NA789599:ABBB:chr21:789601	118	105	2	1	3	NA	0.47085201793722	ABBB
NA230739:ABBBB:chr14:230741	126	135	2	1	4	NA	0.517241379310345	ABBBB
NA892838:AAB:chr3:892840	148	74	2	1	2	NA	0.333333333333333	AAB
NA545927:AB:chr7:545929	141	87	2	1	1	NA	0.381578947368421	AB
NA479258:BBBBBBB:chr18:479260	99	149	2	0	7	NA	0.600806451612903	BBBBBBB
NA938749:AAABB:chr19:938751	128	118	2	2	3	NA	0.479674796747967	AAABB
NA550450:AB:chr16:550452	135	91	2	1	1	NA	0.402654867256637	AB
NA55031:AAB:chr13:55033	243	16	2	1	2	NA	0.0617760617760618	AAB
NA577194:AAAAB:chr20:577196	418	18	2	1	4	NA	0.0412844036697248	AAAAB
NA645854:BBB:chr4:645856	106	115	2	0	3	NA	0.520361990950226	BBB
NA573908:B:chr1:573910	112	84	2	0	1	NA	0.428571428571429	B
NA792649:AB:chr6:792651	112	80	2	1	1	NA	0.416666666666667	AB
NA483653:AAAAABBBBB:chr5:483655	204	125	2	5	5	NA	0.379939209726444	AAAAABBBBB
NA978935:AAABB:chr8:978937	145	101	2	2	3	NA	0.410569105691057	AAABB
NA839102:AAAAB:chr22:839104	414	18	2	2	3	NA	0.0416666666666667	AAABB
NA477378:AAB:chr17:477380	143	80	2	1	2	NA	0.358744394618834	AAB
NA504795:AAAB:chr11:504797	392	12	2	2	2	NA	0.0297029702970297	AABB
NA230238:ABBBB:chr12:230240	115	120	2	1	4	NA	0.51063829787234	ABBBB
NA93176:BBBBBB:chr2:93178	109	154	2	0	6	NA	0.585551330798479	BBBBBB
NA953827:BBBBBBBBB:chr9:953829	105	199	2	0	9	NA	0.654605263157895	BBBBBBBBB
NA91072:BBBBB:chr10:91074	92	143	2	0	5	NA	0.608510638297872	BBBBB
NA571206:AAABB:chr15:571208	140	95	2	2	3	NA	0.404255319148936	AAABB
NA830847:AB:chr21:830849	125	71	2	1	1	NA	0.362244897959184	AB
NA721121:AB:chr14:721123	186	18	2	1	1	NA	0.0882352941176471	AB
NA883274:AB:chr3:883276	199	11	2	1	1	NA	0.0523809523809524	AB
NA844776:AAAAAAAAB:chr7:844778	722	11	2	4	5	NA	0.0150068212824011	AAAAABBBB
NA284938:AB:chr18:284940	190	16	2	1	1	NA	0.0776699029126214	AB
NA721173:AB:chr19:721175	188	19	2	1	1	NA	0.0917874396135266	AB
NA600206:AB:chr16:600208	95	61	2	1	1	NA	0.391025641025641	AB
NA826779:AAAAAB:chr13:826781	503	12	2	1	5	NA	0.0233009708737864	AAAAAB
NA574329:AAABBB:chr20:574331	167	101	2	3	3	NA	0.376865671641791	AAABBB
NA624796:AAAAAB:chr4:624798	540	16	2	1	5	NA	0.0287769784172662	AAAAAB
NA708294:AAB:chr1:708296	288	16	2	1	2	NA	0.0526315789473684	AAB
NA494475:AAB:chr6:494477	131	77	2	1	2	NA	0.370192307692308	AAB
NA844290:AB:chr5:844292	106	88	2	1	1	NA	0.45360824742268	AB
NA921477:AAAB:chr8:921479	315	8	2	2	2	NA	0.0247678018575851	AABB
NA441678:ABBB:chr22:441680	116	128	2	1	3	NA	0.524590163934426	ABBB
NA843822:AAAAB:chr17:843824	415	11	2	1	4	NA	0.0258215962441315	AAAAB
NA862991:BBBBB:chr11:862993	126	134	2	0	5	NA	0.515384615384615	BBBBB
NA225365:AAAAAAAB:chr12:225367	630	17	2	2	6	NA	0.0262751159196291	AAAAAABB
NA30850:BBBB:chr2:30852	113	130	2	0	4	NA	0.534979423868313	BBBB
NA111130:AABBBBB:chr9:111132	150	140	2	2	5	NA	0.482758620689655	AABBBBB
NA69645:BBBBBBB:chr10:69647	110	166	2	0	7	NA	0.601449275362319	BBBBBBB
NA582427:AB:chr15:582429	123	88	2	1	1	NA	0.417061611374408	AB
NA346436:AB:chr21:346438	114	91	2	1	1	NA	0.44390243902439	AB
NA814804:AAAB:chr14:814806	165	72	2	1	3	NA	0.30379746835443	AAAB
NA308760:AB:chr3:308762	167	13	2	1	1	NA	0.0722222222222222	AB
NA362641:AAABBB:chr7:362643	155	108	2	3	3	NA	0.4106463878327	AAABBB
NA406449:B:chr18:406451	105	14	2	0	1	NA	0.117647058823529	B
NA433848:AB:chr19:433850	187	17	2	1	1	NA	0.0833333333333333	AB
NA342489:BBBBBBB:chr16:342491	111	149	2	0	7	NA	0.573076923076923	BBBBBBB
NA51669:AAAAAAB:chr13:51671	574	18	2	3	4	NA	0.0304054054054054	AAAABBB
NA574973:AAAAB:chr20:574975	439	18	2	2	3	NA	0.0393873085339169	AAABB
NA806851:B:chr4:806853	94	10	2	0	1	NA	0.0961538461538462	B
NA952906:AAAAABBB:chr1:952908	185	119	2	3	5	NA	0.391447368421053	AAAAABBB
NA345088:AAAB:chr6:345090	362	13	2	2	2	NA	0.0346666666666667	AABB
NA169576:AAAAAAB:chr5:169578	589	17	2	1	6	NA	0.0280528052805281	AAAAAAB
NA728247:ABBBB:chr8:728249	125	121	2	1	4	NA	0.491869918699187	ABBBB
NA97311:ABBB:chr22:97313	124	117	2	1	3	NA	0.485477178423237	ABBB
NA123909:AB:chr17:123911	127	85	2	1	1	NA	0.400943396226415	AB
NA45685:AB:chr11:45687	110	80	2	1	1	NA	0.421052631578947	AB
NA322983:AAAAAB:chr12:322985	490	16	2	3	3	NA	0.0316205533596838	AAABBB
NA446019:AAAAAAB:chr2:446021	600	14	2	2	5	NA	0.0228013029315961	AAAAABB
NA780833:BBBBBB:chr9:780835	94	159	2	0	6	NA	0.628458498023715	BBBBBB
NA550440:AB:chr10:550442	140	84	2	1	1	NA	0.375	AB
NA15385:AAAAB:chr15:15387	192	85	2	1	4	NA	0.306859205776173	AAAAB
NA607332:ABBB:chr21:607334	125	108	2	1	3	NA	0.463519313304721	ABBB
NA134370:AB:chr14:134372	201	22	2	1	1	NA	0.0986547085201794	AB
NA423569:AB:chr3:423571	193	12	2	1	1	NA	0.0585365853658537	AB
NA855324:AB:chr7:855326	135	81	2	1	1	NA	0.375	AB
NA153722:AAAAAB:chr18:153724	500	12	2	3	3	NA	0.0234375	AAABBB
NA709661:AB:chr19:709663	190	11	2	1	1	NA	0.054726368159204	AB
NA514510:AAAAAAB:chr16:514512	199	74	2	1	6	NA	0.271062271062271	AAAAAAB
NA451823:AB:chr13:451825	126	71	2	1	1	NA	0.360406091370558	AB
NA284870:AB:chr20:284872	115	70	2	1	1	NA	0.378378378378378	AB
NA718304:AAAAABBBBB:chr4:718306	176	151	2	5	5	NA	0.46177370030581	AAAAABBBBB
NA356835:AB:chr1:356837	206	17	2	1	1	NA	0.0762331838565022	AB
NA838475:ABBBBB:chr6:838477	121	143	2	1	5	NA	0.541666666666667	ABBBBB
NA252656:B:chr5:252658	113	13	2	0	1	NA	0.103174603174603	B
NA639142:AB:chr8:639144	122	78	2	1	1	NA	0.39	AB
NA539602:ABBBBB:chr22:539604	111	134	2	1	5	NA	0.546938775510204	ABBBBB
NA582175:AB:chr17:582177	120	77	2	1	1	NA	0.390862944162437	AB
NA66260:AAAB:chr11:66262	305	13	2	1	3	NA	0.0408805031446541	AAAB
NA740780:AABBBBBB:chr12:740782	124	138	2	2	6	NA	0.526717557251908	AABBBBBB
NA103811:AAB:chr2:103813	147	69	2	1	2	NA	0.319444444444444	AAB
NA729489:AAAAB:chr9:729491	422	7	2	2	3	NA	0.0163170163170163	AAABB
NA156446:AAAAB:chr10:156448	149	93	2	1	4	NA	0.384297520661157	AAAAB
NA222424:AAAAB:chr15:222426	172	82	2	1	4	NA	0.322834645669291	AAAAB
NA960943:AB:chr21:960945	161	10	2	1	1	NA	0.0584795321637427	AB
NA236897:B:chr14:236899	95	82	2	0	1	NA	0.463276836158192	B
NA204802:AAAAAB:chr3:204804	499	14	2	1	5	NA	0.0272904483430799	AAAAAB
NA861208:AB:chr7:861210	123	91	2	1	1	NA	0.425233644859813	AB
NA208513:AAB:chr18:208515	110	81	2	1	2	NA	0.424083769633508	AAB
NA528658:AAAB:chr19:528660	151	92	2	1	3	NA	0.378600823045267	AAAB
NA355680:AAAAAB:chr16:355682	173	73	2	1	5	NA	0.296747967479675	AAAAAB
NA736361:AAB:chr13:736363	260	12	2	1	2	NA	0.0441176470588235	AAB
NA275:B:chr20:277	108	78	2	0	1	NA	0.419354838709677	B
NA145547:ABBBB:chr4:145549	124	102	2	1	4	NA	0.451327433628319	ABBBB
NA806115:AB:chr1:806117	201	18	2	1	1	NA	0.0821917808219178	AB
NA495381:AABBB:chr6:495383	129	106	2	2	3	NA	0.451063829787234	AABBB
NA140079:AABBBB:chr5:140081	145	122	2	2	4	NA	0.456928838951311	AABBBB
NA758006:AB:chr8:758008	120	62	2	1	1	NA	0.340659340659341	AB
NA112823:BBBBBB:chr22:112825	114	137	2	0	6	NA	0.545816733067729	BBBBBB
NA639365:ABB:chr17:639367	120	89	2	1	2	NA	0.425837320574163	ABB
NA382988:AB:chr11:382990	198	14	2	1	1	NA	0.0660377358490566	AB
NA269920:AAAAB:chr12:269922	426	13	2	1	4	NA	0.0296127562642369	AAAAB
NA538582:B:chr2:538584	96	65	2	0	1	NA	0.403726708074534	B
NA136836:AB:chr9:136838	112	77	2	1	1	NA	0.407407407407407	AB
NA878262:ABB:chr10:878264	122	100	2	1	2	NA	0.45045045045045	ABB
NA34850:AAAB:chr15:34852	396	11	2	1	3	NA	0.027027027027027	AAAB
NA250581:AB:chr21:250583	177	17	2	1	1	NA	0.0876288659793814	AB
NA214143:AABBBBB:chr14:214145	132	134	2	2	5	NA	0.503759398496241	AABBBBB
NA828219:AAAAAABBB:chr3:828221	204	115	2	3	6	NA	0.360501567398119	AAAAAABBB
NA677796:AB:chr7:677798	111	71	2	1	1	NA	0.39010989010989	AB
NA402923:AAABBB:chr18:402925	157	115	2	3	3	NA	0.422794117647059	AAABBB
NA511124:AAAAAAB:chr19:511126	606	17	2	1	6	NA	0.0272873194221509	AAAAAAB
NA576597:AAABB:chr16:576599	142	90	2	2	3	NA	0.387931034482759	AAABB
NA801645:AAAAB:chr13:801647	414	12	2	2	3	NA	0.028169014084507	AAABB
NA35343:BB:chr20:35345	124	91	2	0	2	NA	0.423255813953488	BB
NA956986:ABBBBB:chr4:956988	123	122	2	1	5	NA	0.497959183673469	ABBBBB
NA32847:AB:chr1:32849	135	90	2	1	1	NA	0.4	AB
NA128442:AB:chr6:128444	137	93	2	1	1	NA	0.404347826086957	AB
NA448818:AAAAB:chr5:448820	419	17	2	2	3	NA	0.0389908256880734	AAABB
NA305887:BBBB:chr8:305889	101	131	2	0	4	NA	0.564655172413793	BBBB
NA654123:AB:chr22:654125	212	9	2	1	1	NA	0.0407239819004525	AB
NA436709:AB:chr17:436711	150	83	2	1	1	NA	0.356223175965665	AB
NA177238:AAAAB:chr11:177240	416	10	2	2	3	NA	0.0234741784037559	AAABB
NA984123:AAAB:chr12:984125	152	76	2	1	3	NA	0.333333333333333	AAAB
NA56185:BBBB:chr2:56187	106	122	2	0	4	NA	0.535087719298246	BBBB
NA3981:AB:chr9:3983	94	84	2	1	1	NA	0.471910112359551	AB
NA21470:AB:chr10:21472	187	24	2	1	1	NA	0.113744075829384	AB
NA963546:AB:chr15:963548	155	9	2	1	1	NA	0.0548780487804878	AB
NA496822:AB:chr21:496824	113	66	2	1	1	NA	0.368715083798883	AB
NA970149:B:chr14:970151	99	82	2	0	1	NA	0.453038674033149	B
NA60612:AAAAABBB:chr3:60614	167	98	2	3	5	NA	0.369811320754717	AAAAABBB
NA470979:AABBBB:chr7:470981	135	116	2	2	4	NA	0.462151394422311	AABBBB
NA531409:AAB:chr18:531411	302	12	2	1	2	NA	0.0382165605095541	AAB
NA505985:BBB:chr19:505987	107	111	2	0	3	NA	0.509174311926605	BBB
NA127777:AAAB:chr16:127779	339	13	2	2	2	NA	0.0369318181818182	AABB
NA863688:AAAAB:chr13:863690	428	14	2	2	3	NA	0.0316742081447964	AAABB
NA606482:AAAABBBB:chr20:606484	158	129	2	4	4	NA	0.449477351916376	AAAABBBB
NA519545:AB:chr4:519547	120	80	2	1	1	NA	0.4	AB
NA670611:AAABBB:chr1:670613	164	112	2	3	3	NA	0.405797101449275	AAABBB
NA962268:AAAAAAAB:chr6:962270	697	20	2	4	4	NA	0.0278940027894003	AAAABBBB
NA207038:BBB:chr5:207040	121	105	2	0	3	NA	0.464601769911504	BBB
NA855478:AAB:chr8:855480	274	17	2	1	2	NA	0.0584192439862543	AAB
NA414107:ABB:chr22:414109	102	88	2	1	2	NA	0.463157894736842	ABB
NA45908:AAAB:chr17:45910	150	79	2	1	3	NA	0.344978165938865	AAAB
NA943832:AAABB:chr11:943834	125	100	2	2	3	NA	0.444444444444444	AAABB
NA138643:AAAAB:chr12:138645	396	18	2	2	3	NA	0.0434782608695652	AAABB
NA905001:AB:chr2:905003	135	83	2	1	1	NA	0.380733944954128	AB
NA509306:AAAAAAAABBBB:chr9:509308	229	121	2	4	8	NA	0.345714285714286	AAAAAAAABBBB
NA170691:B:chr10:170693	106	62	2	0	1	NA	0.369047619047619	B
NA808337:AB:chr15:808339	189	14	2	1	1	NA	0.0689655172413793	AB
NA409905:AB:chr21:409907	116	70	2	1	1	NA	0.376344086021505	AB
NA9352:AB:chr14:9354	104	78	2	1	1	NA	0.428571428571429	AB
NA224160:AAAAB:chr3:224162	396	19	2	2	3	NA	0.0457831325301205	AAABB
NA667569:AAABBBBBBB:chr7:667571	142	166	2	3	7	NA	0.538961038961039	AAABBBBBBB
NA680797:AB:chr18:680799	185	12	2	1	1	NA	0.0609137055837563	AB
NA112718:AAAB:chr19:112720	146	77	2	1	3	NA	0.345291479820628	AAAB
NA564012:AAB:chr16:564014	118	78	2	1	2	NA	0.397959183673469	AAB
NA69471:AAAAB:chr13:69473	157	63	2	1	4	NA	0.286363636363636	AAAAB
NA90555:AB:chr20:90557	117	87	2	1	1	NA	0.426470588235294	AB
NA515011:AAABBBBB:chr4:515013	137	135	2	3	5	NA	0.496323529411765	AAABBBBB
NA445560:AB:chr1:445562	132	77	2	1	1	NA	0.368421052631579	AB
NA446658:BB:chr6:446660	104	103	2	0	2	NA	0.497584541062802	BB
NA30023:AAAAB:chr5:30025	413	16	2	2	3	NA	0.0372960372960373	AAABB
NA956428:AB:chr8:956430	128	78	2	1	1	NA	0.378640776699029	AB
NA563483:AAABB:chr22:563485	156	97	2	2	3	NA	0.383399209486166	AAABB
NA138758:AB:chr17:138760	120	80	2	1	1	NA	0.4	AB
NA250174:AB:chr11:250176	125	79	2	1	1	NA	0.387254901960784	AB
NA421111:AAAAB:chr12:421113	387	11	2	1	4	NA	0.0276381909547739	AAAAB
NA197869:AAAB:chr2:197871	144	65	2	1	3	NA	0.311004784688995	AAAB
NA824860:ABBBBBBBBBBB:chr9:824862	115	209	2	1	11	NA	0.645061728395062	ABBBBBBBBBBB
NA325264:AB:chr10:325266	124	82	2	1	1	NA	0.398058252427184	AB
NA192601:AAAAAAB:chr15:192603	580	10	2	3	4	NA	0.0169491525423729	AAAABBB
NA702033:AB:chr21:702035	105	69	2	1	1	NA	0.396551724137931	AB
NA870278:AB:chr14:870280	119	83	2	1	1	NA	0.410891089108911	AB
NA272823:BBBB:chr3:272825	93	116	2	0	4	NA	0.555023923444976	BBBB
NA417323:AABBBB:chr7:417325	153	114	2	2	4	NA	0.426966292134831	AABBBB
NA169085:AB:chr18:169087	119	88	2	1	1	NA	0.42512077294686	AB
NA357787:AB:chr19:357789	115	79	2	1	1	NA	0.407216494845361	AB
NA437584:AAABBBBBBB:chr16:437586	131	173	2	3	7	NA	0.569078947368421	AAABBBBBBB
NA37801:AB:chr13:37803	182	10	2	1	1	NA	0.0520833333333333	AB
NA597941:AAAABBBB:chr20:597943	153	130	2	4	4	NA	0.459363957597173	AAAABBBB
NA465779:AAAAB:chr4:465781	431	13	2	2	3	NA	0.0292792792792793	AAABB
NA538193:AB:chr1:538195	108	82	2	1	1	NA	0.431578947368421	AB
NA804743:AAB:chr6:804745	289	14	2	1	2	NA	0.0462046204620462	AAB
NA601862:AAAAB:chr5:601864	158	101	2	1	4	NA	0.38996138996139	AAAAB
NA921982:AAB:chr8:921984	268	9	2	1	2	NA	0.0324909747292419	AAB
NA366054:B:chr22:366056	102	80	2	0	1	NA	0.43956043956044	B
NA320674:AAAAB:chr17:320676	424	8	2	2	3	NA	0.0185185185185185	AAABB
NA956231:AB:chr11:956233	205	20	2	1	1	NA	0.0888888888888889	AB
NA816701:AAABBBB:chr12:816703	143	125	2	3	4	NA	0.466417910447761	AAABBBB
NA65422:AAABBBB:chr2:65424	180	110	2	3	4	NA	0.379310344827586	AAABBBB
NA318869:AB:chr9:318871	122	67	2	1	1	NA	0.354497354497354	AB
NA942528:AAABB:chr10:942530	152	108	2	2	3	NA	0.415384615384615	AAABB
NA461711:AB:chr15:461713	107	64	2	1	1	NA	0.374269005847953	AB
NA446530:AAAB:chr21:446532	378	14	2	2	2	NA	0.0357142857142857	AABB
NA147354:AAABBB:chr14:147356	147	104	2	3	3	NA	0.414342629482072	AAABBB
NA208865:AAABBBBB:chr3:208867	160	137	2	3	5	NA	0.461279461279461	AAABBBBB
NA944477:AAAB:chr7:944479	368	14	2	2	2	NA	0.0366492146596859	AABB
NA256995:BB:chr18:256997	108	93	2	0	2	NA	0.462686567164179	BB
NA922235:AAAB:chr19:922237	356	17	2	1	3	NA	0.0455764075067024	AAAB
NA671573:AAAAB:chr16:671575	419	14	2	1	4	NA	0.0323325635103926	AAAAB
NA411485:AAB:chr13:411487	267	13	2	1	2	NA	0.0464285714285714	AAB
NA655841:ABBB:chr20:655843	91	121	2	1	3	NA	0.570754716981132	ABBB
NA181698:AAAAABB:chr4:181700	176	98	2	2	5	NA	0.357664233576642	AAAAABB
NA381210:AAB:chr1:381212	240	12	2	1	2	NA	0.0476190476190476	AAB
NA509308:AABBB:chr6:509310	126	112	2	2	3	NA	0.470588235294118	AABBB
NA364804:AB:chr5:364806	140	80	2	1	1	NA	0.363636363636364	AB
NA737531:AAAB:chr8:737533	354	13	2	2	2	NA	0.0354223433242507	AABB
NA657327:AB:chr22:657329	126	76	2	1	1	NA	0.376237623762376	AB
NA342171:AB:chr17:342173	129	79	2	1	1	NA	0.379807692307692	AB
NA163428:AB:chr11:163430	185	21	2	1	1	NA	0.101941747572816	AB
NA827729:AABBBBBBB:chr12:827731	127	167	2	2	7	NA	0.568027210884354	AABBBBBBB
NA46048:AB:chr2:46050	194	14	2	1	1	NA	0.0673076923076923	AB
NA828530:AAAAAB:chr9:828532	506	19	2	1	5	NA	0.0361904761904762	AAAAAB
NA822097:AB:chr10:822099	191	11	2	1	1	NA	0.0544554455445545	AB
NA98887:AB:chr15:98889	115	68	2	1	1	NA	0.371584699453552	AB
NA142036:AAAB:chr21:142038	351	9	2	2	2	NA	0.025	AABB
NA804050:AAABBB:chr14:804052	156	133	2	3	3	NA	0.460207612456747	AAABBB
NA786582:AB:chr3:786584	198	13	2	1	1	NA	0.0616113744075829	AB
NA842613:AAAAAAB:chr7:842615	623	8	2	3	4	NA	0.0126782884310618	AAAABBB
NA376242:ABB:chr18:376244	107	99	2	1	2	NA	0.480582524271845	ABB
NA932646:AB:chr19:932648	176	7	2	1	1	NA	0.0382513661202186	AB
NA653525:AABB:chr16:653527	120	89	2	2	2	NA	0.425837320574163	AABB
NA577453:ABBBBBBBB:chr13:577455	119	187	2	1	8	NA	0.611111111111111	ABBBBBBBB
NA820749:B:chr20:820751	119	73	2	0	1	NA	0.380208333333333	B
NA434047:AAAAABBB:chr4:434049	168	126	2	3	5	NA	0.428571428571429	AAAAABBB
NA184414:AB:chr1:184416	115	78	2	1	1	NA	0.404145077720207	AB
NA646919:AB:chr6:646921	111	67	2	1	1	NA	0.376404494382022	AB
NA13128:B:chr5:13130	104	95	2	0	1	NA	0.477386934673367	B
NA814525:BBBB:chr8:814527	96	117	2	0	4	NA	0.549295774647887	BBBB
NA789262:AB:chr22:789264	180	21	2	1	1	NA	0.104477611940299	AB
NA576202:AABBBBB:chr17:576204	134	138	2	2	5	NA	0.507352941176471	AABBBBB
NA927902:AB:chr11:927904	111	69	2	1	1	NA	0.383333333333333	AB
NA215513:ABB:chr12:215515	100	77	2	1	2	NA	0.435028248587571	ABB
NA93420:AB:chr2:93422	101	66	2	1	1	NA	0.395209580838323	AB
NA986713:AAAAB:chr9:986715	415	13	2	2	3	NA	0.0303738317757009	AAABB
NA560263:ABBB:chr10:560265	119	107	2	1	3	NA	0.473451327433628	ABBB
NA36748:AB:chr15:36750	116	76	2	1	1	NA	0.395833333333333	AB
NA844047:AB:chr21:844049	123	71	2	1	1	NA	0.365979381443299	AB
NA85626:AB:chr14:85628	190	18	2	1	1	NA	0.0865384615384615	AB
NA572363:B:chr3:572365	98	80	2	0	1	NA	0.449438202247191	B
NA132065:AB:chr7:132067	194	21	2	1	1	NA	0.0976744186046512	AB
NA975921:AB:chr18:975923	127	69	2	1	1	NA	0.352040816326531	AB
NA294587:AB:chr19:294589	119	97	2	1	1	NA	0.449074074074074	AB
NA589554:AB:chr16:589556	107	94	2	1	1	NA	0.467661691542289	AB
NA843303:AAAB:chr13:843305	349	18	2	2	2	NA	0.0490463215258856	AABB
NA645902:AABBB:chr20:645904	115	108	2	2	3	NA	0.484304932735426	AABBB
NA268928:AB:chr4:268930	125	64	2	1	1	NA	0.338624338624339	AB
NA261433:AB:chr1:261435	136	85	2	1	1	NA	0.384615384615385	AB
NA168972:AB:chr6:168974	116	89	2	1	1	NA	0.434146341463415	AB
NA786545:AAAAAB:chr5:786547	181	87	2	1	5	NA	0.324626865671642	AAAAAB
NA260254:AAAABBB:chr8:260256	141	111	2	3	4	NA	0.44047619047619	AAAABBB
NA343762:AABB:chr22:343764	108	97	2	2	2	NA	0.473170731707317	AABB
NA780873:AB:chr17:780875	133	90	2	1	1	NA	0.403587443946188	AB
NA420596:AB:chr11:420598	196	9	2	1	1	NA	0.0439024390243902	AB
NA624758:ABBBB:chr12:624760	135	118	2	1	4	NA	0.466403162055336	ABBBB
NA576652:AAB:chr2:576654	280	17	2	1	2	NA	0.0572390572390572	AAB
NA479318:AB:chr9:479320	113	83	2	1	1	NA	0.423469387755102	AB
NA882266:BBB:chr10:882268	110	108	2	0	3	NA	0.495412844036697	BBB
NA130687:AB:chr15:130689	130	85	2	1	1	NA	0.395348837209302	AB
NA217075:AAB:chr21:217077	148	80	2	1	2	NA	0.350877192982456	AAB
NA65522:BBBBBB:chr14:65524	105	150	2	0	6	NA	0.588235294117647	BBBBBB
NA723567:BB:chr3:723569	124	103	2	0	2	NA	0.45374449339207	BB
NA771190:AB:chr7:771192	190	15	2	1	1	NA	0.0731707317073171	AB
NA807008:BBBB:chr18:807010	96	121	2	0	4	NA	0.557603686635945	BBBB
NA493529:AAAABBB:chr19:493531	148	115	2	3	4	NA	0.437262357414449	AAAABBB
NA282954:AB:chr16:282956	122	77	2	1	1	NA	0.386934673366834	AB
NA885517:ABB:chr13:885519	133	89	2	1	2	NA	0.400900900900901	ABB
NA744416:AAABBBB:chr20:744418	173	112	2	3	4	NA	0.392982456140351	AAABBBB
NA780289:AB:chr4:780291	114	78	2	1	1	NA	0.40625	AB
NA448306:AB:chr1:448308	118	75	2	1	1	NA	0.38860103626943	AB
NA177479:B:chr6:177481	98	15	2	0	1	NA	0.132743362831858	B
NA986289:AAB:chr5:986291	239	16	2	1	2	NA	0.0627450980392157	AAB
NA603438:AAAAB:chr8:603440	428	12	2	2	3	NA	0.0272727272727273	AAABB
NA900185:AAAAAAAB:chr22:900187	646	12	2	3	5	NA	0.0182370820668693	AAAAABBB
NA735640:AAABBB:chr17:735642	149	126	2	3	3	NA	0.458181818181818	AAABBB
NA677956:AAAAAAAB:chr11:677958	614	14	2	2	6	NA	0.0222929936305732	AAAAAABB
NA264726:AB:chr12:264728	197	4	2	1	1	NA	0.0199004975124378	AB
NA454526:AAAAB:chr2:454528	428	14	2	2	3	NA	0.0316742081447964	AAABB
NA181130:AB:chr9:181132	168	14	2	1	1	NA	0.0769230769230769	AB
NA64095:AB:chr10:64097	117	94	2	1	1	NA	0.445497630331754	AB
NA748049:AB:chr15:748051	200	7	2	1	1	NA	0.0338164251207729	AB
NA335377:AB:chr21:335379	120	86	2	1	1	NA	0.41747572815534	AB
NA102484:AB:chr14:102486	121	81	2	1	1	NA	0.400990099009901	AB
NA333863:BBBB:chr3:333865	106	146	2	0	4	NA	0.579365079365079	BBBB
NA345890:AB:chr7:345892	123	78	2	1	1	NA	0.388059701492537	AB
NA406682:AB:chr18:406684	119	80	2	1	1	NA	0.402010050251256	AB
NA428972:AB:chr19:428974	186	13	2	1	1	NA	0.0653266331658292	AB
NA744822:AAAAAAAAB:chr16:744824	710	17	2	4	5	NA	0.0233837689133425	AAAAABBBB
NA800229:ABBB:chr13:800231	116	113	2	1	3	NA	0.493449781659389	ABBB
NA467817:ABBBBB:chr20:467819	127	152	2	1	5	NA	0.544802867383513	ABBBBB
NA275453:AAABB:chr4:275455	175	101	2	2	3	NA	0.365942028985507	AAABB
NA145712:AAAAB:chr1:145714	442	19	2	2	3	NA	0.0412147505422994	AAABB
NA270704:AAABB:chr6:270706	162	107	2	2	3	NA	0.397769516728625	AAABB
NA854913:AAAAAB:chr5:854915	529	28	2	3	3	NA	0.0502692998204668	AAABBB
NA951916:BBBB:chr8:951918	92	109	2	0	4	NA	0.54228855721393	BBBB
NA320236:AAAB:chr22:320238	345	12	2	1	3	NA	0.0336134453781513	AAAB
NA802328:AB:chr17:802330	110	72	2	1	1	NA	0.395604395604396	AB
NA520086:AABBB:chr11:520088	128	115	2	2	3	NA	0.473251028806584	AABBB
NA892107:AB:chr12:892109	126	78	2	1	1	NA	0.382352941176471	AB
NA405853:AAAABB:chr2:405855	154	97	2	2	4	NA	0.386454183266932	AAAABB
NA78159:AAAABBBBBB:chr9:78161	182	132	2	4	6	NA	0.420382165605096	AAAABBBBBB
NA177096:AAABBB:chr10:177098	132	114	2	3	3	NA	0.463414634146341	AAABBB
NA261172:AAAAB:chr15:261174	397	16	2	2	3	NA	0.0387409200968523	AAABB
NA49507:AB:chr21:49509	188	14	2	1	1	NA	0.0693069306930693	AB
NA105324:AAAAAAB:chr14:105326	184	86	2	1	6	NA	0.318518518518519	AAAAAAB
NA59060:AB:chr3:59062	182	22	2	1	1	NA	0.107843137254902	AB
NA780227:AAAABBBB:chr7:780229	179	126	2	4	4	NA	0.413114754098361	AAAABBBB
NA208500:BBBB:chr18:208502	101	112	2	0	4	NA	0.525821596244131	BBBB
NA228084:AABBB:chr19:228086	134	138	2	2	3	NA	0.507352941176471	AABBB
NA570673:AABB:chr16:570675	132	78	2	2	2	NA	0.371428571428571	AABB
NA5675:ABBBBB:chr13:5677	120	142	2	1	5	NA	0.541984732824427	ABBBBB
NA17052:AABBB:chr20:17054	137	123	2	2	3	NA	0.473076923076923	AABBB
NA519804:AAAAAAB:chr4:519806	544	21	2	3	4	NA	0.0371681415929204	AAAABBB
NA22830:AAAABBB:chr1:22832	178	91	2	3	4	NA	0.338289962825279	AAAABBB
NA200635:AAB:chr6:200637	115	77	2	1	2	NA	0.401041666666667	AAB
NA29982:ABBBBB:chr5:29984	145	171	2	1	5	NA	0.541139240506329	ABBBBB
NA592530:AAAB:chr8:592532	174	80	2	1	3	NA	0.31496062992126	AAAB
NA994989:ABBBBB:chr22:994991	122	144	2	1	5	NA	0.541353383458647	ABBBBB
NA581102:AAAAAAB:chr17:581104	593	15	2	1	6	NA	0.0246710526315789	AAAAAAB
NA351919:BBBB:chr11:351921	96	128	2	0	4	NA	0.571428571428571	BBBB
NA412204:AAAAB:chr12:412206	394	18	2	1	4	NA	0.0436893203883495	AAAAB
NA72659:AAAAB:chr2:72661	391	16	2	2	3	NA	0.0393120393120393	AAABB
NA976629:AB:chr9:976631	115	86	2	1	1	NA	0.427860696517413	AB
NA282794:AAAB:chr10:282796	317	19	2	1	3	NA	0.056547619047619	AAAB
NA417335:AAAABBB:chr15:417337	165	102	2	3	4	NA	0.382022471910112	AAAABBB
NA689210:AAAAAAB:chr21:689212	588	17	2	3	4	NA	0.028099173553719	AAAABBB
NA160700:AB:chr14:160702	179	14	2	1	1	NA	0.0725388601036269	AB
NA988721:AAAAAAAB:chr3:988723	656	9	2	2	6	NA	0.0135338345864662	AAAAAABB
NA411935:AAB:chr7:411937	267	11	2	1	2	NA	0.039568345323741	AAB
NA502843:AAAAB:chr18:502845	163	82	2	1	4	NA	0.33469387755102	AAAAB
NA544278:AB:chr19:544280	132	88	2	1	1	NA	0.4	AB
NA613313:AABBBB:chr16:613315	148	131	2	2	4	NA	0.469534050179211	AABBBB
NA41995:ABBB:chr13:41997	107	107	2	1	3	NA	0.5	ABBB
NA372868:AAAABB:chr20:372870	182	80	2	2	4	NA	0.305343511450382	AAAABB
NA316901:AAAB:chr4:316903	359	19	2	1	3	NA	0.0502645502645503	AAAB
NA689652:AB:chr1:689654	114	77	2	1	1	NA	0.403141361256544	AB
NA624595:AB:chr6:624597	118	90	2	1	1	NA	0.432692307692308	AB
NA523287:AB:chr5:523289	119	77	2	1	1	NA	0.392857142857143	AB
NA190204:AAAAB:chr8:190206	404	15	2	2	3	NA	0.035799522673031	AAABB
NA931540:AAAAAB:chr22:931542	505	19	2	2	4	NA	0.0362595419847328	AAAABB
NA474791:AAAB:chr17:474793	339	11	2	1	3	NA	0.0314285714285714	AAAB
NA797325:BBBB:chr11:797327	91	111	2	0	4	NA	0.54950495049505	BBBB
NA679057:AB:chr12:679059	111	102	2	1	1	NA	0.47887323943662	AB
NA542914:BBB:chr2:542916	104	102	2	0	3	NA	0.495145631067961	BBB
NA538724:AABB:chr9:538726	153	86	2	2	2	NA	0.359832635983264	AABB
NA263476:AAAAAAAABB:chr10:263478	224	98	2	2	8	NA	0.304347826086957	AAAAAAAABB
NA921528:ABBBBB:chr15:921530	135	154	2	1	5	NA	0.532871972318339	ABBBBB
NA602675:AAB:chr21:602677	129	81	2	1	2	NA	0.385714285714286	AAB
NA384905:AB:chr14:384907	121	97	2	1	1	NA	0.444954128440367	AB
NA993167:ABBB:chr3:993169	116	133	2	1	3	NA	0.534136546184739	ABBB
NA38738:ABBB:chr7:38740	107	89	2	1	3	NA	0.454081632653061	ABBB
NA237389:AAAAAAAAAB:chr18:237391	792	8	2	3	7	NA	0.01	AAAAAAABBB
NA886681:AB:chr19:886683	111	74	2	1	1	NA	0.4	AB
NA546423:AABBB:chr16:546425	129	112	2	2	3	NA	0.464730290456432	AABBB
NA189805:ABB:chr13:189807	120	101	2	1	2	NA	0.457013574660633	ABB
NA951947:AAAAAAB:chr20:951949	612	15	2	3	4	NA	0.0239234449760766	AAAABBB
NA318261:AAAABBBBBB:chr4:318263	186	168	2	4	6	NA	0.474576271186441	AAAABBBBBB
NA787435:AB:chr1:787437	121	77	2	1	1	NA	0.388888888888889	AB
NA963316:AAAAB:chr6:963318	397	16	2	2	3	NA	0.0387409200968523	AAABB
NA978128:AAAAB:chr5:978130	444	10	2	2	3	NA	0.0220264317180617	AAABB
NA713133:B:chr8:713135	106	83	2	0	1	NA	0.439153439153439	B
NA175563:BBBBBB:chr22:175565	98	136	2	0	6	NA	0.581196581196581	BBBBBB
NA60173:AB:chr17:60175	108	82	2	1	1	NA	0.431578947368421	AB
NA442585:AB:chr11:442587	107	74	2	1	1	NA	0.408839779005525	AB
NA904420:AAAAB:chr12:904422	442	11	2	2	3	NA	0.0242825607064018	AAABB
NA695835:AAAAABB:chr2:695837	179	94	2	2	5	NA	0.344322344322344	AAAAABB
NA650549:AAAABBBB:chr9:650551	167	121	2	4	4	NA	0.420138888888889	AAAABBBB
NA255258:AB:chr10:255260	190	18	2	1	1	NA	0.0865384615384615	AB
NA509946:AAAAABBBB:chr15:509948	202	136	2	4	5	NA	0.402366863905325	AAAAABBBB
NA665668:AAB:chr21:665670	124	73	2	1	2	NA	0.370558375634518	AAB
NA621755:AAAABBBBBBBB:chr14:621757	164	196	2	4	8	NA	0.544444444444444	AAAABBBBBBBB
NA952298:AB:chr3:952300	116	71	2	1	1	NA	0.379679144385027	AB
NA182724:AAAAAAAAB:chr7:182726	770	24	2	4	5	NA	0.0302267002518892	AAAAABBBB
NA635910:AB:chr18:635912	123	79	2	1	1	NA	0.391089108910891	AB
NA677308:AAAAB:chr19:677310	443	13	2	2	3	NA	0.0285087719298246	AAABB
NA473431:AB:chr16:473433	197	16	2	1	1	NA	0.0751173708920188	AB
NA812016:AB:chr13:812018	166	18	2	1	1	NA	0.0978260869565217	AB
NA404462:AAAABBBBB:chr20:404464	169	153	2	4	5	NA	0.475155279503106	AAAABBBBB
NA350130:BBBBB:chr4:350132	91	94	2	0	5	NA	0.508108108108108	BBBBB
NA930382:AB:chr1:930384	137	81	2	1	1	NA	0.371559633027523	AB
NA59018:AABB:chr6:59020	124	94	2	2	2	NA	0.431192660550459	AABB
NA174369:AB:chr5:174371	118	85	2	1	1	NA	0.41871921182266	AB
NA77992:AB:chr8:77994	186	12	2	1	1	NA	0.0606060606060606	AB
NA188204:AB:chr22:188206	133	84	2	1	1	NA	0.387096774193548	AB
NA986952:AABBBBB:chr17:986954	119	141	2	2	5	NA	0.542307692307692	AABBBBB
NA935177:AABBBB:chr11:935179	114	107	2	2	4	NA	0.484162895927602	AABBBB
NA345947:AB:chr12:345949	103	88	2	1	1	NA	0.460732984293194	AB
NA287432:AB:chr2:287434	123	81	2	1	1	NA	0.397058823529412	AB
NA204065:AB:chr9:204067	132	78	2	1	1	NA	0.371428571428571	AB
NA319592:AB:chr10:319594	136	83	2	1	1	NA	0.378995433789954	AB
NA572514:BBB:chr15:572516	94	90	2	0	3	NA	0.489130434782609	BBB
NA705836:ABB:chr21:705838	124	82	2	1	2	NA	0.398058252427184	ABB
NA983662:AAAB:chr14:983664	357	15	2	2	2	NA	0.0403225806451613	AABB
NA128550:BBBB:chr3:128552	114	105	2	0	4	NA	0.479452054794521	BBBB
NA265987:AB:chr7:265989	183	17	2	1	1	NA	0.085	AB
NA546981:AB:chr18:546983	138	86	2	1	1	NA	0.383928571428571	AB
NA771515:AABBB:chr19:771517	125	95	2	2	3	NA	0.431818181818182	AABBB
NA933850:ABBBB:chr16:933852	109	115	2	1	4	NA	0.513392857142857	ABBBB
